problem,seed,Default_time,Default_nodes,DF-Probing_time,DF-Probing_nodes,GDF_time,GDF_nodes,All_time,All_nodes
30n20b8,1,465.43,4754,462.34,4754,460.98,4754,462.88,4754
30n20b8,2,628.22,3539,634.77,3539,635.25,3539,630.09,3539
30n20b8,3,482.36,4084,478.84,4084,477.82,4084,481.02,4084
30n20b8,4,491.6,3621,483.32,3621,488.01,3621,490.42,3621
30n20b8,5,971.82,5498,959.1,5498,974.25,5498,970.25,5498
50v-10,1,7200,331515,7200,328868,7200,316696,7200,320121
50v-10,2,7200,356042,7200,353395,7200,342237,7200,352232
50v-10,3,7200,329061,7200,317297,7200,329356,7200,332375
50v-10,4,7200,275439,7200,272244,7200,272451,7200,274116
50v-10,5,7200,318900,7200,338221,7200,309343,7200,310460
CMS750_4,1,1501.85,44274,1506.56,44274,1502.19,44274,1506.69,44274
CMS750_4,2,1562.42,48155,1608.32,51718,1559.65,48155,1617.89,51718
CMS750_4,3,1561.7,35776,1578.82,35776,1558.01,35776,1576.81,35776
CMS750_4,4,1593.02,53486,1666.88,60636,1569.6,53486,1641.49,60636
CMS750_4,5,1375.53,43450,1365.86,43450,1356.13,43450,1363.15,43450
academictimetablesmall,1,7200,8624,2571.27,3396,7200,8624,3899.61,5891
academictimetablesmall,2,6903.74,10637,6708.62,10839,6690.26,10637,6679.43,10839
academictimetablesmall,3,3249.09,4126,6024.65,9881,3255.11,4126,6109.54,9881
academictimetablesmall,4,7200,8919,7200,8120,7200,8919,7200,7875
academictimetablesmall,5,5536.55,8741,4952.93,6457,7200,11269,5082.98,6457
air05,1,39.91,39,38.84,39,38.87,39,39.18,39
air05,2,31.83,48,32.22,48,31.77,48,31.96,48
air05,3,38.72,26,38.24,26,38.61,26,38.63,26
air05,4,36.72,55,36.86,55,36.81,55,36.98,55
air05,5,35.11,31,35.18,31,35.14,31,35.11,31
app1-1,1,24.64,3169,24.78,3169,25.74,3169,24.68,3169
app1-1,2,30.06,5367,31.07,5367,30.21,5367,30.75,5367
app1-1,3,27.21,3920,26.57,3920,27.73,3920,27.54,3920
app1-1,4,29.11,3275,28.68,3275,28.37,3275,28.78,3275
app1-1,5,36.09,5921,35.47,5921,36.15,5921,36.13,5921
app1-2,1,2638.41,46548,2611.99,46548,2639.92,46548,2647.25,46548
app1-2,2,2672.05,50557,2680.11,50557,2663.42,50557,2673.84,50557
app1-2,3,2767.08,48562,2766.92,48562,2722.85,48562,2623.96,48562
app1-2,4,3039.08,56145,3023.87,56145,2903.47,56145,2946.34,56145
app1-2,5,4769.2,82724,4762.98,82724,4806.29,82724,4669.28,82724
assign1-5-8,1,7200,3719686,7200,3619071,7200,4099397,7200,3804067
assign1-5-8,2,7200,3672240,7200,3703584,7200,3935240,7200,3730270
assign1-5-8,3,7200,3540432,7200,3620765,7200,3726459,7200,3742649
assign1-5-8,4,7200,3851226,7200,4088301,7200,3801845,7200,3748975
assign1-5-8,5,7200,3716133,7200,3782419,7200,3648675,7200,3673843
atlanta-ip,1,7200,11588,7200,9648,7200,11914,7200,9485
atlanta-ip,2,6512.95,7437,7200,11116,6514.47,7437,7200,11127
atlanta-ip,3,7200,8897,7200,11681,7200,9015,7200,11837
atlanta-ip,4,7200,11032,7200,8822,7200,11085,7200,8641
atlanta-ip,5,7200,10700,5940.51,6823,7200,10556,5990.52,6823
b1c1s1,1,7200,123263,7200,122190,7200,122316,7200,123217
b1c1s1,2,7200,122597,7200,122539,7200,122307,7200,122699
b1c1s1,3,7200,115838,7200,115598,7200,116074,7200,115845
b1c1s1,4,7200,122047,7200,122593,7200,121840,7200,122722
b1c1s1,5,7200,116575,7200,116246,7200,115903,7200,116469
bab2,1,7200,3284,7200,2748,7200,3284,7200,2652
bab2,2,7200,2664,7200,2793,7200,2765,7200,2891
bab2,3,7200,2095,7200,1753,7200,2070,7200,1753
bab2,4,7200,1972,7200,2422,7200,1971,7200,2440
bab2,5,7200,1919,7200,2304,7200,1883,7200,2286
bab6,1,7200,4657,7200,3588,7200,4607,7200,3568
bab6,2,7200,4604,7200,4948,7200,4614,7200,5100
bab6,3,7200,4741,7200,5600,7200,4680,7200,5459
bab6,4,7200,3619,7200,4273,7200,3823,7200,4375
bab6,5,7200,5247,7200,4997,7200,5287,7200,4940
beasleyC3,1,20.69,241,21.09,241,21.1,241,20.64,241
beasleyC3,2,32.29,699,32.17,699,32.29,699,32.47,699
beasleyC3,3,24.75,209,24.8,209,24.79,209,24.9,209
beasleyC3,4,29.2,604,29.1,604,29.19,604,29.29,604
beasleyC3,5,30.69,462,30.67,462,30.52,462,30.89,462
binkar10_1,1,40.31,4602,40.6,4602,39.38,4602,39.66,4602
binkar10_1,2,65.81,7400,67.71,7400,68.25,7400,67.12,7400
binkar10_1,3,41.66,4440,40.78,4440,41.09,4440,40.87,4440
binkar10_1,4,37.3,4148,35.12,4148,35.15,4148,34.97,4148
binkar10_1,5,30.03,3338,30.2,3338,32.55,3338,31.39,3338
blp-ar98,2,3725.57,27873,4038.37,27873,3800.27,27873,3771.05,27873
blp-ar98,3,3779.9,34626,3811.53,38438,3744.82,34626,3877.41,38438
blp-ar98,4,4087.29,34323,4345.78,32941,3984.02,34323,4435.52,32941
blp-ar98,5,4038.98,32754,4666.19,40029,3926.66,32754,4584.63,40029
blp-ic98,1,508.06,6717,574.16,7780,507.2,6717,575.04,7780
blp-ic98,2,675.8,938,675.85,938,672.52,938,675.73,938
blp-ic98,3,649.94,10381,647.45,10381,647.16,10381,655.56,10381
blp-ic98,4,1107.14,2588,1111.25,2588,1109.05,2588,1110.62,2588
blp-ic98,5,387.35,4104,382.31,4104,377,4104,382.83,4104
bnatt400,1,1740.84,36004,1737.18,36004,1733.05,36004,1743.89,36004
bnatt400,2,1024.9,22209,1022.1,22209,1031.21,22209,1030.67,22209
bnatt400,3,1370.08,28956,1405.15,28956,1417.24,28956,1383.2,28956
bnatt400,4,1332.01,29839,1410.08,29839,1412.11,29839,1335,29839
bnatt400,5,1408.55,28911,1396.32,28911,1410.03,28911,1405.17,28911
bnatt500,1,7080.2,95043,7108.8,95043,7171.8,95043,7099.45,95043
bnatt500,2,7200,96511,7200,96889,7200,96407,7200,95181
bnatt500,3,7200,106330,7200,105157,7200,105788,7200,105101
bnatt500,4,7200,98485,7200,99788,7200,99835,7200,98534
bnatt500,5,7200,97548,7200,97631,7200,97571,7200,96635
bppc4-08,1,7200,589679,7200,590408,7200,593002,7200,587208
bppc4-08,2,7200,629880,7200,625718,7200,629607,7200,629535
bppc4-08,3,7200,570694,7200,566908,7200,574653,7200,570251
bppc4-08,4,7200,580428,7200,585997,7200,588497,7200,584239
bppc4-08,5,7200,585634,7200,583916,7200,577086,7200,582513
brazil3,1,2975.09,2667,4204.03,4549,2981.82,2667,4191.98,4549
brazil3,2,2651.03,2583,2941.39,2573,2652.82,2583,2948.93,2573
brazil3,3,4642.74,5266,3952.82,4156,4672.22,5266,3945.43,4156
brazil3,4,2737.52,3278,1947.14,2623,2733.81,3278,1953.89,2623
brazil3,5,2091.14,2583,1625.96,1917,2109.13,2583,1628.64,1917
buildingenergy,1,7200,5117,7200,10040,7200,8276,7200,6892
buildingenergy,2,7200,1419,7200,1538,7200,1686,7200,1572
buildingenergy,3,7200,3965,7200,3966,7200,3965,7200,3975
buildingenergy,4,7200,5254,7200,5253,7200,5254,7200,5254
buildingenergy,5,7200,3462,7200,3350,7200,3462,7200,3392
cbs-cta,1,52.6,1494,52.51,1494,52.56,1494,52.62,1494
cbs-cta,2,301.63,4277,304.43,4277,314.46,4277,304.69,4277
cbs-cta,3,119.7,2953,116.14,2953,119.7,2953,118.05,2953
cbs-cta,4,86.06,1878,85.89,1878,86.12,1878,86,1878
cbs-cta,5,89.78,1606,88.74,1606,89.77,1606,88.76,1606
chromaticindex1024-7,1,7200,3293,7200,3293,7200,3293,7200,3293
chromaticindex1024-7,2,7200,1464,7200,1938,7200,1998,7200,1998
chromaticindex1024-7,3,7200,0,7200,246,7200,0,7200,101
chromaticindex1024-7,4,7200,0,7200,0,7200,0,7200,0
chromaticindex1024-7,5,7200,3681,7200,4176,7200,4176,7200,3911
chromaticindex512-7,1,2733.18,3206,2709.13,3206,2710.23,3206,2712.65,3206
chromaticindex512-7,2,7200,18795,7200,18402,7200,18454,7200,18451
chromaticindex512-7,3,4141.69,10838,4143.37,10838,4060.41,10838,4051.5,10838
chromaticindex512-7,4,1453.35,284,1472.16,284,1442.27,284,1487.2,284
chromaticindex512-7,5,2096.04,162,2108.61,162,2112.82,162,2077.5,162
cmflsp50-24-8-8,1,7200,58411,7200,58121,7200,58029,7200,58315
cmflsp50-24-8-8,2,7200,52905,7200,52259,7200,52222,7200,51807
cmflsp50-24-8-8,3,7200,55729,7200,55880,7200,55864,7200,54836
cmflsp50-24-8-8,4,7200,48606,7200,48881,7200,49277,7200,49292
cmflsp50-24-8-8,5,7200,55945,7200,55475,7200,55886,7200,55870
co-100,1,7200,27353,7117.02,27354,7200,27196,7188.31,27354
co-100,2,6565.91,29860,6554.4,29860,6524.51,29860,6534.11,29860
co-100,3,7200,40848,7200,40444,7200,40820,7200,41105
co-100,4,7200,23261,7200,22849,7200,22651,7200,22691
co-100,5,7200,35835,7200,35641,7200,34847,7200,34053
cod105,1,187.02,455,191.88,455,191.32,455,187.16,455
cod105,2,123.33,101,121.38,101,122.02,101,124,101
cod105,3,169.32,431,168.6,431,168.69,431,170.57,431
cod105,4,174.66,503,175.01,503,175.91,503,175.84,503
cod105,5,129.34,105,133.27,105,129.65,105,131.27,105
comp07-2idx,1,2877.2,10045,4070.44,15273,2864.42,10045,1510.43,5275
comp07-2idx,2,2250.26,5154,4093.42,8731,2252.27,5154,4903.97,12863
comp07-2idx,3,2593.41,6411,5429.81,19021,2570.76,6411,4022.88,11564
comp07-2idx,4,4767.34,15343,4467.25,12181,3423.27,7334,4504.68,12181
comp07-2idx,5,4212.42,8029,3287.3,6162,2690.98,4865,3322.38,6162
comp21-2idx,1,7200,13979,7200,14400,7200,13490,7200,13750
comp21-2idx,2,7200,15726,7200,11619,7200,15355,7200,14482
comp21-2idx,3,7200,13881,7200,14952,7200,13692,7200,15530
comp21-2idx,4,7200,14135,7200,17390,7200,15089,7200,14477
comp21-2idx,5,7200,15260,7200,14040,7200,14339,7200,15644
cost266-UUE,1,3215.31,84431,3224.46,84431,3221.54,84431,3226.06,84431
cost266-UUE,2,3934.22,119602,3945.41,119602,3963.61,119602,3944.48,119602
cost266-UUE,3,3877.78,108586,3860.41,108586,3843.56,108586,3861.84,108586
cost266-UUE,4,3621.95,84826,3608.05,84826,3593.33,84826,3610.94,84826
cost266-UUE,5,4269.74,108305,4278.07,108305,4287.25,108305,4291.16,108305
cryptanalysiskb128n5obj14,1,2567.25,773,2366.6,661,2570.23,773,2384.94,661
cryptanalysiskb128n5obj14,2,2330.85,739,3786.79,1053,2351.47,739,3819.01,1053
cryptanalysiskb128n5obj14,3,2503.56,779,3358.35,1069,2541.12,779,3359.21,1069
cryptanalysiskb128n5obj14,4,2967.85,941,2134.42,631,2967.88,941,2075.78,631
cryptanalysiskb128n5obj14,5,3856.28,1228,4023.56,1257,3882.1,1228,4011.02,1257
cryptanalysiskb128n5obj16,1,3081.52,1124,3341.68,1158,3118.81,1124,3309.92,1158
cryptanalysiskb128n5obj16,2,2384.99,770,2562.53,961,2437.99,770,2547.43,961
cryptanalysiskb128n5obj16,3,2826.4,953,3184.24,1180,2709.3,953,3182.83,1180
cryptanalysiskb128n5obj16,4,3509.74,1147,4343.37,1731,3516.2,1147,4301.87,1731
cryptanalysiskb128n5obj16,5,1176.07,378,1387.31,448,1198.88,378,1399.66,448
csched007,1,1573.21,116366,1583.83,116366,1581.04,116366,1580.51,116366
csched007,2,1257.57,80981,1259.22,80981,1257.27,80981,1243.44,80981
csched007,3,1113.53,67301,1113.54,67301,1112.05,67301,1112.91,67301
csched007,4,1043.26,60582,1030.74,60582,1032.43,60582,1025.9,60582
csched007,5,1492.87,95025,1483.75,95025,1479.73,95025,1486.56,95025
csched008,1,432.08,32276,433.08,32276,433.03,32276,433.36,32276
csched008,2,474.92,31309,476.4,31309,475.83,31309,476.66,31309
csched008,3,252.29,17965,253.91,17965,252.33,17965,254.19,17965
csched008,4,461.41,28333,460.21,28333,541.67,36419,543.52,36419
csched008,5,150.79,10585,151.78,10585,150.84,10585,149.93,10585
cvs16r128-89,1,7200,45290,7200,45333,7200,45321,7200,45115
cvs16r128-89,2,7200,50313,7200,50313,7200,50313,7200,50313
cvs16r128-89,3,7200,45796,7200,45580,7200,45453,7200,45594
cvs16r128-89,4,7200,43596,7200,43596,7200,43613,7200,43596
cvs16r128-89,5,7200,50404,7200,50318,7200,50315,7200,50315
dano3_3,1,84.28,1,84.33,1,84.68,1,84.23,1
dano3_3,2,124.77,1,123.52,1,124.08,1,123.09,1
dano3_3,3,172.7,5,174.67,5,173.82,5,174.25,5
dano3_3,4,112.97,1,113.16,1,112.65,1,114.76,1
dano3_3,5,82.82,1,82.25,1,84.03,1,82.67,1
dano3_5,1,479.39,168,484.94,168,483.77,168,482.72,168
dano3_5,2,451.35,101,446.54,101,445.84,101,456.07,101
dano3_5,3,492.64,143,492.86,143,501.72,143,485.14,143
dano3_5,4,411.62,73,401.88,73,405.75,73,412.2,73
dano3_5,5,494.3,112,490.35,112,494.9,112,492,112
decomp2,1,3.71,1,3.7,1,3.71,1,3.71,1
decomp2,2,72.6,423,72.02,423,72.58,423,72.96,423
decomp2,3,4.36,1,4.33,1,4.31,1,4.31,1
decomp2,4,5.91,1,5.91,1,5.95,1,5.97,1
decomp2,5,5.28,1,5.28,1,5.3,1,5.33,1
drayage-100-23,1,1.73,1,1.73,1,1.73,1,1.74,1
drayage-100-23,2,0.85,1,0.85,1,0.86,1,0.84,1
drayage-100-23,3,1.07,1,1.06,1,1.07,1,1.07,1
drayage-100-23,4,0.73,1,0.73,1,0.74,1,0.74,1
drayage-100-23,5,0.92,1,0.92,1,0.92,1,0.92,1
drayage-25-23,1,1.89,1,1.91,1,1.91,1,1.89,1
drayage-25-23,2,2.32,1,2.3,1,2.32,1,2.39,1
drayage-25-23,3,2.34,1,2.3,1,2.3,1,2.31,1
drayage-25-23,4,2.46,1,2.53,1,2.48,1,2.55,1
drayage-25-23,5,2.25,1,2.26,1,2.24,1,2.28,1
dws008-01,1,7200,254537,7200,251814,7200,253021,7200,246600
dws008-01,2,7200,251541,7200,205781,7200,248204,7200,204140
dws008-01,3,7200,221785,7200,214959,7200,211101,7200,219118
dws008-01,4,7200,250559,7200,254435,7200,254454,7200,256539
dws008-01,5,7200,231040,7200,226565,7200,228926,7200,229686
eil33-2,1,117.64,622,115.83,622,127.45,622,118.29,622
eil33-2,2,100.86,371,102.35,371,107.52,371,100.96,371
eil33-2,3,131.83,437,132.86,437,129.37,437,134.02,437
eil33-2,4,116.39,738,116.98,738,118.93,738,117.07,738
eil33-2,5,131.94,822,135.69,822,135.45,822,144.38,822
eilA101-2,1,4206.56,4752,4269.21,4752,4266.71,4752,4272.45,4752
eilA101-2,2,7200,4884,7200,4834,7200,4939,7200,4939
eilA101-2,3,3950.35,2661,3978.06,2661,3960.39,2661,3835.41,2661
eilA101-2,4,7200,5926,7200,6227,7200,6362,7200,5741
eilA101-2,5,7200,6969,7200,6826,7200,6928,7200,6396
enlight_hard,1,18.04,1980,18.96,1980,15.95,1980,18.13,1980
enlight_hard,2,18.2,2306,15.72,2306,18.12,2306,17.78,2306
enlight_hard,3,29.45,5104,31.74,5104,29.11,5104,28.86,5104
enlight_hard,4,19.12,2605,23.03,2605,19.62,2605,17.15,2605
enlight_hard,5,13.57,1661,13.45,1661,13.06,1661,13.12,1661
ex10,1,82.28,1,85.08,1,81.84,1,88.43,1
ex10,2,55.57,1,66.33,1,55.76,1,57.6,1
ex10,3,79.98,1,78.21,1,77.89,1,75.61,1
ex10,4,81.36,1,81.09,1,78.94,1,79.58,1
ex10,5,88.23,1,79.15,1,78.02,1,79.21,1
ex9,1,5.43,1,5.12,1,5.05,1,4.84,1
ex9,2,5.31,1,5.34,1,5.18,1,5.3,1
ex9,3,5.37,1,5.43,1,5.47,1,5.52,1
ex9,4,5.89,1,5.74,1,5.99,1,5.84,1
ex9,5,5.61,1,5.52,1,5.85,1,5.87,1
exp-1-500-5-5,1,4.74,1,4.71,1,4.73,1,4.72,1
exp-1-500-5-5,2,5.34,1,5.33,1,5.34,1,5.39,1
exp-1-500-5-5,3,4.73,1,4.73,1,4.74,1,4.72,1
exp-1-500-5-5,4,3.85,1,3.84,1,3.8,1,3.84,1
exp-1-500-5-5,5,3.62,1,3.64,1,3.6,1,3.6,1
fast0507,1,403.37,1461,1546.33,6206,449.6,1592,1545.84,6206
fast0507,2,586.96,2410,905.35,3903,375.96,1148,909.38,3903
fast0507,3,486.46,1751,987.89,3885,1553.29,5915,1007.8,3885
fast0507,4,493.9,1639,813.61,2782,754.88,2549,812.95,2782
fast0507,5,733.36,2628,611.5,2647,1426.33,5674,617.8,2647
fastxgemm-n2r6s0t2,1,7077.76,452470,1702.19,114228,7053.14,452470,1704.4,114228
fastxgemm-n2r6s0t2,2,508.12,28339,715.26,45214,511.66,28339,719.48,45214
fastxgemm-n2r6s0t2,3,1025.07,69208,947.13,74847,1020.85,69208,953.69,74847
fastxgemm-n2r6s0t2,4,2933.93,186074,1418.19,82692,2914.38,186074,1407.41,82692
fastxgemm-n2r6s0t2,5,2496.14,158137,2332.54,141396,2479.49,158137,2356.16,141396
fhnw-binpack4-4,1,7200,4635714,7200,4648266,7200,4722109,7200,4749111
fhnw-binpack4-4,2,7200,4755685,7200,4656318,7200,4778339,7200,4697209
fhnw-binpack4-4,3,7200,4657867,7200,4686657,7200,4645507,7200,4701656
fhnw-binpack4-4,4,7200,4262598,7200,4264986,7200,4279279,7200,4285267
fhnw-binpack4-4,5,7200,4591762,7200,4587002,7200,4499043,7200,4527321
fhnw-binpack4-48,1,7200,289692,7200,293613,7200,351680,7200,351680
fhnw-binpack4-48,2,7200,334499,7200,338489,7200,333465,7200,335211
fhnw-binpack4-48,3,7200,351904,7200,342177,7200,329559,7200,329720
fhnw-binpack4-48,4,7200,338390,7200,334146,7200,335482,7200,335583
fhnw-binpack4-48,5,7200,306819,7200,304256,7200,333160,7200,334063
fiball,1,76.74,585,76.61,585,76.93,585,76.98,585
fiball,2,51.53,283,51.16,283,51.45,283,50.75,283
fiball,3,57.35,350,56.7,350,57.72,350,56.79,350
fiball,4,69.51,443,67.02,443,69.24,443,69.83,443
fiball,5,128.39,1414,131.36,1414,132.84,1414,130.96,1414
gen-ip002,1,2816.51,6947173,2850.13,6947173,2829.37,6947173,2827.44,6947173
gen-ip002,2,2423.1,5860794,2411.79,5860794,2403.84,5860794,2421.16,5860794
gen-ip002,3,2343.62,5719960,2294.72,5719960,2293.68,5719960,2322.37,5719960
gen-ip002,4,3114.88,7480464,3107.61,7480464,3128.17,7480464,3095.19,7480464
gen-ip002,5,3997.77,9420715,4017.03,9420715,3916.18,9420715,3996.78,9420715
gen-ip054,1,815.76,2515323,823.05,2515323,827.61,2515323,819.94,2515323
gen-ip054,2,827.32,2513308,833.27,2513308,835.8,2513308,835.28,2513308
gen-ip054,3,928.7,2862691,937.23,2862691,931.51,2862691,940.82,2862691
gen-ip054,4,1060.7,3261375,1048.35,3261375,1058.59,3261375,1056.94,3261375
gen-ip054,5,874.48,2629566,878.73,2629566,888.72,2629566,879.24,2629566
germanrr,1,7200,11867,7200,11873,7200,11804,7200,12011
germanrr,2,7200,10439,7200,10499,7200,10379,7200,10459
germanrr,3,7200,9223,7200,9222,7200,9228,7200,9322
germanrr,4,7200,10858,7200,10794,7200,10866,7200,10858
germanrr,5,7200,9509,7200,9509,7200,9509,7200,9509
gfd-schedulen180f7d50m30k18,1,7200,3001,6298.44,2335,7145.4,2096,6083.12,2335
gfd-schedulen180f7d50m30k18,2,3898.48,1090,2724.57,713,7200,3196,2828.56,713
gfd-schedulen180f7d50m30k18,3,7200,2437,6791.23,2678,2890.69,654,6844.07,2678
gfd-schedulen180f7d50m30k18,4,6151.1,2607,3882.36,988,4142.64,1311,3789.12,988
gfd-schedulen180f7d50m30k18,5,7200,2798,6763.84,2600,2901.52,902,6717.89,2600
glass-sc,1,7200,224188,7200,223794,7200,223672,7200,221841
glass-sc,2,7200,227467,7200,225679,7200,225088,7200,225685
glass-sc,3,7200,221686,7200,223596,7200,226557,7200,221914
glass-sc,4,7200,221576,7200,221847,7200,222374,7200,221260
glass-sc,5,7200,226155,7200,227087,7200,227634,7200,226033
glass4,1,4326.31,3001714,4370.57,3001714,1987.24,1006724,1990.6,1006724
glass4,2,1576.47,1235070,1578.05,1235070,767.75,495892,776.08,495892
glass4,3,1151.15,977430,1170.43,977430,1014.93,820511,1032.31,820511
glass4,4,1282.95,1063255,1287.98,1063255,1305.02,1074057,1305.88,1074057
glass4,5,716.58,593624,725.35,593624,829.08,739020,838.54,739020
gmu-35-40,1,5739.47,1524889,5725.97,1524889,5799.32,1524889,5711.37,1524889
gmu-35-40,2,3438.34,1043609,3405.37,1043609,3474.15,1043609,3436.04,1043609
gmu-35-40,3,4493.12,1208932,4787.25,1208932,7200,2270603,7200,2198983
gmu-35-40,4,5388.41,1445257,5368.64,1445257,5342.98,1445257,5260.25,1445257
gmu-35-40,5,7111.05,1796832,7092.66,1796832,7149.14,1811049,7108.63,1811049
gmu-35-50,1,1485.86,488265,1487.19,488265,1382.73,488265,1378.67,488265
gmu-35-50,2,5403.29,1440422,5449.92,1440422,5764.88,1539550,5867.27,1539550
gmu-35-50,3,5705.47,1585570,5862.92,1585570,5899.54,1585570,5820.48,1585570
gmu-35-50,4,7200,1846836,7200,1816198,7200,1809504,7200,1821733
gmu-35-50,5,4546.04,1313913,4652.72,1313913,4624.39,1313913,4522.71,1313913
graph20-20-1rand,1,7200,29900,4410.17,65172,7200,29971,4379.96,65172
graph20-20-1rand,2,3057.44,23577,6075.38,150271,3055.2,23577,5955.47,150271
graph20-20-1rand,3,4673.38,23417,7200,87947,4677.67,23417,7200,86622
graph20-20-1rand,4,7200,203059,1419.98,15374,7154.72,203227,1422.44,15374
graph20-20-1rand,5,7200,56265,1776.68,26305,7200,56860,1770.6,26305
graphdraw-domain,1,900.92,300371,908.51,300371,1245.03,413572,1243.94,413572
graphdraw-domain,2,1324.48,408680,1317.85,408680,1321.23,414656,1331.08,414656
graphdraw-domain,3,1645.38,558036,1639.25,558036,1638.53,559393,1657.38,559393
graphdraw-domain,4,1486.62,483276,1499.19,483276,1541.7,503090,1545.51,503090
graphdraw-domain,5,1931.02,619755,1949.78,619755,2029.65,649192,2044.36,649192
h80x6320d,1,19.41,16,19.5,16,19.52,16,19.5,16
h80x6320d,2,22.25,19,22.04,19,22.1,19,21.85,19
h80x6320d,3,17.59,15,17.64,15,17.08,15,17.84,15
h80x6320d,4,22.13,21,22.07,21,22.28,21,22.41,21
h80x6320d,5,19.72,15,20.14,15,19.78,15,20.02,15
highschool1-aigio,1,7200,207,7200,207,7200,207,7200,207
highschool1-aigio,2,7200,213,7200,213,7200,211,7200,214
highschool1-aigio,3,7200,255,7200,255,7200,255,7200,255
highschool1-aigio,4,7200,174,7200,170,7200,174,7200,170
highschool1-aigio,5,7200,217,7200,218,7200,219,7200,225
hypothyroid-k1,1,15.49,1,15.58,1,15.3,1,15.61,1
hypothyroid-k1,2,15.16,1,15.46,1,15.46,1,15.51,1
hypothyroid-k1,3,15.31,1,15.46,1,15.33,1,15.52,1
hypothyroid-k1,4,15.22,1,15.41,1,15.21,1,15.41,1
hypothyroid-k1,5,14.9,1,15.29,1,15.06,1,15.44,1
ic97_potential,1,7200,689698,7200,685672,7200,705421,7200,709630
ic97_potential,2,7200,756745,7200,751423,7200,686741,7200,684847
ic97_potential,3,7200,750833,7200,742078,7200,783470,7200,784243
ic97_potential,4,7200,714638,7200,713888,7200,729591,7200,729001
ic97_potential,5,7200,745219,7200,743316,7200,746460,7200,750371
icir97_tension,1,1710.1,91340,1703.09,91340,1710.51,91340,1710.56,91340
icir97_tension,2,1544.18,85012,1540.93,85012,1544.47,85012,1553.55,85012
icir97_tension,3,1792.16,104103,1768.92,104103,1791.8,104103,1765.59,104103
icir97_tension,4,1483.95,66751,1485.09,66751,1504,66751,1482.19,66751
icir97_tension,5,2121.61,77945,2122.9,77945,2119.35,77945,2128.76,77945
irish-electricity,1,7200,10937,7200,10835,7200,10834,7200,10914
irish-electricity,2,7200,10494,7200,8773,7200,10345,7200,8768
irish-electricity,3,7200,8769,7200,11142,7200,9007,7200,10966
irish-electricity,4,7200,10407,7200,13645,7200,9985,7200,13722
irish-electricity,5,7200,15803,7200,9010,7200,14713,7200,8622
irp,1,24.79,1,25.09,1,24.91,1,25.2,1
irp,2,23.74,1,24.31,1,24.43,1,24.24,1
irp,3,29.96,1,30.68,1,30.26,1,30.89,1
irp,4,30.66,1,31.4,1,30.85,1,31.19,1
irp,5,24.19,1,24.9,1,24.7,1,24.73,1
istanbul-no-cutoff,1,553.09,1568,552.71,1568,553.26,1568,553.46,1568
istanbul-no-cutoff,2,664.07,1645,659.35,1645,656.2,1645,654.97,1645
istanbul-no-cutoff,3,722.03,1989,709.08,1989,712.38,1989,714.96,1989
istanbul-no-cutoff,4,446.18,1414,446.85,1414,444.66,1414,448.87,1414
istanbul-no-cutoff,5,774.65,1924,780.15,1924,776.94,1924,778.41,1924
k1mushroom,1,652.18,1,648.59,1,663.38,1,660.52,1
k1mushroom,2,459.84,1,467.59,1,467.3,1,486.49,1
k1mushroom,3,463.2,1,489.47,1,474.5,1,496.69,1
k1mushroom,4,517.93,1,523,1,522.33,1,528.14,1
k1mushroom,5,471.89,1,479.77,1,472.63,1,481.68,1
lectsched-5-obj,1,7200,87084,7200,86635,7200,105777,7200,88516
lectsched-5-obj,2,7200,107397,7200,83333,7200,124541,7200,96035
lectsched-5-obj,3,7200,99592,7200,56642,7200,90267,7200,76330
lectsched-5-obj,4,7200,75350,7200,98478,7200,77105,7200,82581
lectsched-5-obj,5,7200,101625,7200,112703,7200,112126,7200,78679
leo1,1,7200,189947,7200,230338,7200,188644,7200,228034
leo1,2,7200,197268,7200,198912,7200,194107,7200,201422
leo1,3,7200,204143,7200,192798,7200,217271,7200,193007
leo1,4,7200,199187,7200,208252,7200,194316,7200,204067
leo1,5,7200,203783,7200,175261,7200,200915,7200,181026
leo2,1,7200,134271,7200,135836,7200,134016,7200,136604
leo2,2,7200,140208,7200,137698,7200,141826,7200,137246
leo2,3,7200,134943,7200,120836,7200,134616,7200,120386
leo2,4,7200,139278,7200,150519,7200,139469,7200,140611
leo2,5,7200,118469,7200,135354,7200,119481,7200,132169
lotsize,1,1503.96,19714,1503.97,19714,1509.51,19714,1505.29,19714
lotsize,2,1804.54,28910,1802.1,28910,1798.1,28910,1798.72,28910
lotsize,3,1856.17,29426,1854.28,29426,1862.66,29426,1838.17,29426
lotsize,4,2530.66,40961,2526.59,40961,2551.31,40961,2521.32,40961
lotsize,5,1180.04,15334,1180.45,15334,1183.66,15334,1183.45,15334
mad,1,7200,7134308,7200,7089769,7200,7202595,7200,7034730
mad,2,7200,7542126,7200,7748758,7200,7687348,7200,7405043
mad,3,7200,6954407,7200,7232173,7200,6966450,7200,6954624
mad,4,7200,6898599,7200,7103056,7200,7164453,7200,7190345
mad,5,7200,6891058,7200,6719731,7200,6788248,7200,6816772
map10,2,1940.22,1451,1123.07,723,1940.17,1451,1119.63,723
map10,3,1405.73,1021,1861.68,2025,1409.35,1021,1856.7,2025
map10,5,1384.68,903,1570.41,1423,1373.92,903,1574.71,1423
map16715-04,1,4405.69,1634,4349.01,1706,4394.06,1634,4313.35,1706
map16715-04,2,4526.45,2065,3582.74,1575,4520.43,2065,3587.42,1575
map16715-04,3,5273.07,1987,4792.6,1918,5319.46,1987,4792.94,1918
map16715-04,4,5433.78,2760,5202.02,2428,5464.24,2760,5152.14,2428
map16715-04,5,7200,3798,4604.78,2067,7200,3795,4597.87,2067
markshare2,1,7200,9126788,7200,9108198,7200,9173310,7200,9198157
markshare2,2,7200,9053956,7200,9191399,7200,9174618,7200,9108953
markshare2,3,7200,9082563,7200,9465757,7200,9138148,7200,9130429
markshare2,4,7200,8733241,7200,8651919,7200,8662766,7200,8765022
markshare2,5,7200,9243631,7200,9396011,7200,9143272,7200,9272970
markshare_4_0,1,287.97,1540723,288.83,1540723,300.44,1540723,290.22,1540723
markshare_4_0,2,216.66,1278556,219.72,1278556,227.2,1278556,231.05,1278556
markshare_4_0,3,254.36,1428902,248.36,1428902,247,1428902,254.41,1428902
markshare_4_0,4,267.1,1300155,255.88,1300155,252.69,1300155,255.41,1300155
markshare_4_0,5,318.2,1690392,322.89,1690392,326.87,1690392,332.08,1690392
mas74,1,1999.05,3116047,1970.78,3116047,1987.43,3116047,1993.07,3116047
mas74,2,2330.41,3692586,2365.99,3692586,2410.97,3692586,2359.97,3692586
mas74,3,1504.3,2475921,1506.33,2475921,1506.61,2475921,1498.95,2475921
mas74,4,1881.08,3133948,1890.5,3133948,1906.03,3133948,1878.72,3133948
mas74,5,1952.74,3094142,1954.98,3094142,1936.82,3094142,1970,3094142
mas76,1,182.93,347539,184.29,347539,183.23,347539,181.45,347539
mas76,2,114.51,208711,115.29,208711,115.75,208711,114.17,208711
mas76,3,125.76,223838,127.32,223838,125.76,223838,128.43,223838
mas76,4,166.79,315067,170.15,315067,171.28,315067,167.35,315067
mas76,5,173.1,316691,170.73,316691,170.53,316691,171.49,316691
mc11,1,59.93,933,60.03,933,59.53,933,59.76,933
mc11,2,53.2,604,53.02,604,52.29,604,53.17,604
mc11,3,53.68,781,53.19,781,53.92,781,53.19,781
mc11,4,59.28,694,58.28,694,58.91,694,58.09,694
mc11,5,63.52,1458,64.16,1458,63.78,1458,64.19,1458
mcsched,1,580.86,21381,630.28,22606,574.13,21381,629.33,22606
mcsched,2,546.35,20522,616.87,22815,550.88,20522,614.51,22815
mcsched,3,565.22,21542,675.86,25500,565.7,21542,662.89,25500
mcsched,4,517.9,18761,817.37,32718,521.09,18761,816.29,32718
mcsched,5,666,24622,682.72,23139,664.49,24622,684.25,23139
mik-250-20-75-4,1,18.68,4381,18.79,4381,18.7,4381,18.79,4381
mik-250-20-75-4,2,30.53,8820,30.9,8820,30.82,8820,30.8,8820
mik-250-20-75-4,3,22.04,6318,21.55,6318,21.97,6318,21.79,6318
mik-250-20-75-4,4,18.09,4346,18.08,4346,18.3,4346,18.14,4346
mik-250-20-75-4,5,23.11,5887,23.09,5887,22.96,5887,22.99,5887
milo-v12-6-r2-40-1,1,2051.78,54279,2069.66,54279,2052.33,54279,2061.02,54279
milo-v12-6-r2-40-1,2,1153.27,30918,1155.77,30918,1153.39,30918,1157.78,30918
milo-v12-6-r2-40-1,3,1610.8,42062,1613.07,42062,1614.3,42062,1618.87,42062
milo-v12-6-r2-40-1,4,1882.81,46828,1890.31,46828,1890.35,46828,1887.68,46828
milo-v12-6-r2-40-1,5,1871.43,49611,1881.58,49611,1869.49,49611,1871.52,49611
momentum1,1,7200,14807,7200,14799,7200,14816,7200,14816
momentum1,2,7200,7415,7200,7415,7200,7480,7200,7415
momentum1,3,7200,34569,7200,35949,7200,34181,7200,34319
momentum1,4,7200,11315,7200,11401,7200,11399,7200,11315
momentum1,5,7200,30440,7200,30496,7200,30605,7200,30582
mushroom-best,1,322.92,3453,322.26,3453,332.25,3453,332.36,3453
mushroom-best,2,302.04,3363,304.6,3363,301.34,3363,305.75,3363
mushroom-best,3,358.65,3946,352.5,3946,352.57,3946,341.3,3946
mushroom-best,4,265.17,2624,267.79,2624,262.96,2624,273.78,2624
mushroom-best,5,283.64,2830,284.6,2830,282.64,2830,282.12,2830
mzzv11,1,84.36,1,104.15,3,86.65,1,108.14,3
mzzv11,2,96.38,1,97.88,1,98.38,1,98.36,1
mzzv11,3,97.36,1,100.09,1,97.7,1,105.67,1
mzzv11,4,94,1,86.72,1,99.34,1,88.41,1
mzzv11,5,95.64,5,93.23,1,92.22,5,93.72,1
mzzv42z,1,55.28,1,53.62,1,55.44,1,52.09,1
mzzv42z,2,50.63,1,47.8,1,51,1,47.14,1
mzzv42z,3,41.75,1,58.06,1,43.12,1,58.74,1
mzzv42z,4,47.51,1,54.24,1,48.32,1,54.78,1
mzzv42z,5,43.9,1,50.53,1,45,1,51.24,1
n2seq36q,1,186.57,496,188.76,496,184.88,496,186,496
n2seq36q,2,112.29,183,112.17,183,112.61,183,112.39,183
n2seq36q,3,79.11,1,79.18,1,79.91,1,79.28,1
n2seq36q,4,110.22,184,109.47,184,110.19,184,110.72,184
n2seq36q,5,51.28,1,51.26,1,51.11,1,51.31,1
n3div36,1,7200,51808,7200,83889,7200,52288,7200,80666
n3div36,2,7200,95877,7200,88731,7200,91610,7200,89787
n3div36,3,7200,83650,7200,74366,7200,80309,7200,74494
n3div36,4,7200,103113,7200,81720,7200,101727,7200,79903
n3div36,5,7200,80898,7200,80137,7200,80062,7200,75554
n5-3,1,35.5,300,32.56,115,37.44,300,30.41,115
n5-3,2,33.28,455,21.56,162,33.14,455,21.57,162
n5-3,3,32.67,307,32.5,287,33.3,307,32.54,287
n5-3,4,27.71,224,22.92,141,27.44,224,22.94,141
n5-3,5,30.62,314,28.78,200,30.83,314,28.87,200
neos-1122047,1,5.09,1,7.37,1,6.77,1,5.1,1
neos-1122047,2,5.36,1,5.38,1,5.35,1,5.34,1
neos-1122047,3,5.38,1,5.43,1,5.4,1,5.42,1
neos-1122047,4,5.63,1,5.66,1,5.82,1,5.64,1
neos-1122047,5,5.72,1,5.72,1,5.7,1,5.67,1
neos-1171448,1,45.21,148,43.07,148,44.37,148,43.2,148
neos-1171448,2,345.36,101,342.66,101,344.96,101,342.56,101
neos-1171448,3,61.16,111,60.83,111,61.45,111,60.77,111
neos-1171448,4,154.03,127,153.36,127,154.51,127,153.46,127
neos-1171448,5,133.57,155,133.99,155,133.36,155,135.58,155
neos-1171737,1,7200,93293,7200,93450,7200,93312,7200,93027
neos-1171737,2,7200,84748,7200,85231,7200,86752,7200,84437
neos-1171737,3,6751.76,86071,6737.94,86071,6750.8,86071,6764.11,86071
neos-1171737,4,4890.02,52043,4880.54,52043,4889.39,52043,4879.02,52043
neos-1171737,5,6534.7,75098,6494.45,75098,6515.23,75098,6546.23,75098
neos-1354092,1,7200,23092,7200,23092,7200,23005,7200,23082
neos-1354092,2,7200,24247,7200,24339,7200,24247,7200,24247
neos-1354092,3,7200,21960,7200,21370,7200,22601,7200,22373
neos-1354092,4,7200,10953,7200,10953,7200,10955,7200,10953
neos-1354092,5,7200,22192,7200,22216,7200,22192,7200,22054
neos-1445765,1,71.16,615,71.81,615,71.03,615,71.01,615
neos-1445765,2,56.33,484,56.62,484,57.24,484,57.42,484
neos-1445765,3,88.42,1010,87.59,1010,86.9,1010,86.64,1010
neos-1445765,4,58.03,401,59.59,401,58.47,401,59.05,401
neos-1445765,5,77.64,897,77.67,897,77.95,897,77.75,897
neos-1456979,1,465.71,14942,471.5,14942,465.42,14942,467.34,14942
neos-1456979,2,325.03,9303,334.13,9303,329.05,9303,327.27,9303
neos-1456979,3,430.65,14009,427.84,14009,428.65,14009,430.47,14009
neos-1456979,4,429.34,16417,438.21,16417,428.6,16417,425.05,16417
neos-1456979,5,403.18,11411,403.43,11411,405.39,11411,398.82,11411
neos-1582420,1,29.49,230,35.75,211,29.54,230,36.36,211
neos-1582420,2,34.41,418,34.7,285,34.51,418,34.85,285
neos-1582420,3,39.29,392,64.39,1281,39.3,392,64.5,1281
neos-1582420,4,84.84,1611,42.81,595,84.53,1611,42.22,595
neos-1582420,5,26.03,154,33.23,227,26.01,154,33.46,227
neos-2075418-temuka,1,465.39,1,460.11,1,469.13,1,478.73,1
neos-2075418-temuka,2,393.37,1,391.9,1,378.79,1,379.96,1
neos-2075418-temuka,3,968.94,1,934.46,1,927.92,1,899.13,1
neos-2075418-temuka,4,415.96,1,365.67,1,376.68,1,400.09,1
neos-2075418-temuka,5,500.55,1,505.13,1,528.18,1,514.76,1
neos-2657525-crna,1,7200,2261168,7200,2226852,7200,2229417,7200,2241216
neos-2657525-crna,2,7200,2683520,7200,2666511,7200,2506884,7200,2507204
neos-2657525-crna,3,7200,2401871,7200,2472434,7200,2447829,7200,2611302
neos-2657525-crna,4,7200,2171827,7200,2319204,7200,2351152,7200,2400970
neos-2657525-crna,5,7200,2330085,7200,2272407,7200,2316227,7200,2243934
neos-2746589-doon,1,1544.98,10769,1575.6,10769,1554.55,10769,1558.75,10769
neos-2746589-doon,2,1503.65,19639,1519.41,19639,1543.73,19639,1501.82,19639
neos-2746589-doon,3,1250.2,5875,1259,5875,1258,5875,1243.6,5875
neos-2746589-doon,4,813.83,6568,819.1,6568,821.49,6568,819.48,6568
neos-2746589-doon,5,992.59,2712,1016.59,2712,998,2712,1007.33,2712
neos-2978193-inde,1,103.85,7869,105.89,7869,104.49,7869,106.01,7869
neos-2978193-inde,2,62.68,4638,64.96,4638,62.77,4638,63.11,4638
neos-2978193-inde,3,88.1,5708,86.28,5708,88.37,5708,88.63,5708
neos-2978193-inde,4,19.1,1069,20.4,1069,18.99,1069,19.72,1069
neos-2978193-inde,5,24.07,1546,23.69,1546,24.23,1546,24,1546
neos-2987310-joes,1,6.63,1,6.71,1,6.7,1,6.65,1
neos-2987310-joes,2,6.41,1,6.57,1,6.54,1,6.55,1
neos-2987310-joes,3,6.47,1,6.64,1,6.47,1,6.48,1
neos-2987310-joes,4,6.45,1,6.71,1,6.5,1,6.47,1
neos-2987310-joes,5,6.39,1,6.44,1,6.48,1,6.52,1
neos-3004026-krka,1,844.79,37555,821.36,37555,836.82,37555,827.51,37555
neos-3004026-krka,2,778.8,31796,794.99,31796,801.94,31796,779.18,31796
neos-3004026-krka,3,403.21,16585,399.81,16585,400.74,16585,401.57,16585
neos-3004026-krka,4,7.28,1,7.42,1,7.33,1,7.3,1
neos-3004026-krka,5,911.59,37972,895.81,37972,1351.31,60317,1331.95,60317
neos-3024952-loue,1,7200,149689,7200,150025,7200,150107,7200,148597
neos-3024952-loue,2,3283.82,76548,3257.43,76548,3323.48,76548,3268.43,76548
neos-3024952-loue,3,7200,156913,7200,156594,7200,153273,7200,156187
neos-3024952-loue,4,7200,141207,7200,137673,7200,141110,7200,140253
neos-3024952-loue,5,7200,137254,7200,137030,7200,138320,7200,138471
neos-3046615-murg,1,7200,10333080,7200,10383702,7200,9864861,7200,10137188
neos-3046615-murg,2,7200,11301066,7200,11248232,7200,11538618,7200,11512380
neos-3046615-murg,3,7200,10355809,7200,10212715,7200,10834397,7200,10416299
neos-3046615-murg,4,7200,11128196,7200,11003669,7200,11105743,7200,11125226
neos-3046615-murg,5,7200,8582046,7200,8752776,7200,11057140,7200,11156538
neos-3083819-nubu,1,17.47,1669,17.43,1669,17.52,1669,17.58,1669
neos-3083819-nubu,2,33.07,4560,33.16,4560,32.78,4560,33.19,4560
neos-3083819-nubu,3,35.79,5053,36.72,5053,35.92,5053,36.14,5053
neos-3083819-nubu,4,8.21,135,8.19,135,8.23,135,8.23,135
neos-3083819-nubu,5,31.83,3705,31.93,3705,31.86,3705,31.7,3705
neos-3216931-puriri,1,264.94,218,409.36,736,264.59,218,412.2,736
neos-3216931-puriri,2,119.38,1,693.19,932,119.17,1,698.03,932
neos-3216931-puriri,3,843.94,1002,371.38,677,847.75,1002,370.76,677
neos-3216931-puriri,4,372.85,790,1315.43,2693,375.07,790,1320.86,2693
neos-3216931-puriri,5,341.53,936,975.6,1441,342.17,936,979.04,1441
neos-3381206-awhea,1,2.55,1,2.55,1,2.65,1,2.55,1
neos-3381206-awhea,2,0.88,1,0.88,1,0.88,1,0.88,1
neos-3381206-awhea,3,8.32,631,8.32,631,8.69,631,8.59,631
neos-3381206-awhea,4,1.87,1,1.87,1,1.86,1,1.89,1
neos-3381206-awhea,5,0.88,1,0.88,1,0.88,1,0.88,1
neos-3402294-bobin,1,182.38,507,181.37,507,180.86,507,177.29,507
neos-3402294-bobin,2,115.16,278,115.03,278,115.31,278,116.53,278
neos-3402294-bobin,3,159.73,503,155.98,503,153.46,503,155.69,503
neos-3402294-bobin,4,76.75,121,73.92,121,73.77,121,74.03,121
neos-3402294-bobin,5,90.07,231,88.36,231,90.1,231,90.4,231
neos-3402454-bohle,1,7200,11,7200,11,7200,11,7200,12
neos-3402454-bohle,2,7200,9,7200,9,7200,9,7200,9
neos-3402454-bohle,3,7200,14,7200,10,7200,10,7200,14
neos-3402454-bohle,4,7200,9,7200,9,7200,9,7200,9
neos-3402454-bohle,5,7200,117,7200,117,7200,117,7200,117
neos-3555904-turama,1,7200,1536,7200,1536,7200,1536,7200,1536
neos-3555904-turama,2,7200,2098,7200,2077,7200,2077,7200,2075
neos-3555904-turama,3,7200,937,7200,942,7200,938,7200,944
neos-3555904-turama,4,7200,2061,7200,2061,7200,2061,7200,2061
neos-3555904-turama,5,7200,631,7200,631,7200,631,7200,631
neos-3627168-kasai,1,68.62,9798,68.09,9798,67.23,9798,68.65,9798
neos-3627168-kasai,2,117.8,19755,119.11,19755,117.95,19755,117.59,19755
neos-3627168-kasai,3,90.04,11666,89.49,11666,90.17,11666,90.5,11666
neos-3627168-kasai,4,67.15,8529,66.51,8529,68.32,8529,67.33,8529
neos-3627168-kasai,5,81.99,12451,82.19,12451,82.07,12451,82.69,12451
neos-3656078-kumeu,1,7200,880,7200,413,7200,880,7200,413
neos-3656078-kumeu,2,7200,437,7200,864,7200,760,7200,864
neos-3656078-kumeu,3,7200,271,7200,1724,7200,209,7200,1795
neos-3656078-kumeu,4,7200,2095,7200,192,7200,2316,7200,192
neos-3656078-kumeu,5,7200,787,7200,966,7200,787,7200,966
neos-3754480-nidda,1,7200,5401495,7200,5333528,7200,5374360,7200,5340596
neos-3754480-nidda,2,7200,5266907,7200,5290198,7200,5280273,7200,5349711
neos-3754480-nidda,3,7200,5187986,7200,5186609,7200,5188381,7200,5175914
neos-3754480-nidda,4,7200,5448596,7200,5448789,7200,5509006,7200,5440452
neos-3754480-nidda,5,7200,5257301,7200,5127600,7200,5241708,7200,5248089
neos-3988577-wolgan,1,898.91,1,918.54,1,890.76,1,903.73,1
neos-3988577-wolgan,2,792.28,1,789.56,1,766.18,1,775.81,1
neos-3988577-wolgan,3,865.03,1,866.39,1,865,1,883.35,1
neos-3988577-wolgan,4,969.49,1,1080.91,1,973.91,1,987.84,1
neos-3988577-wolgan,5,929.65,1,958.38,1,955.66,1,930.69,1
neos-4300652-rahue,1,7200,6525,7200,6474,7200,6204,7200,6196
neos-4300652-rahue,2,7200,7269,7200,7541,7200,7069,7200,7916
neos-4300652-rahue,3,7200,8583,7200,8292,7200,7872,7200,7241
neos-4300652-rahue,4,7200,8200,7200,6314,7200,8303,7200,6342
neos-4300652-rahue,5,7200,7723,7200,7900,7200,8172,7200,8196
neos-4338804-snowy,1,7200,1588422,7200,1599812,7200,1686507,7200,1633977
neos-4338804-snowy,2,7200,1574079,7200,1574815,7200,1678549,7200,1670065
neos-4338804-snowy,3,7200,1596270,7200,1649334,7200,1504196,7200,1565513
neos-4338804-snowy,4,7200,1952838,7200,1979787,7200,1644670,7200,1671458
neos-4338804-snowy,5,7200,1602228,7200,1619375,7200,1603304,7200,1599205
neos-4387871-tavua,1,7200,30143,7200,28353,7200,30343,7200,28739
neos-4387871-tavua,2,7200,26703,7200,27566,7200,26770,7200,27584
neos-4387871-tavua,3,7200,14496,7200,18747,7200,14723,7200,19008
neos-4387871-tavua,4,7200,13249,7200,14233,7200,13203,7200,14565
neos-4387871-tavua,5,7200,23750,7200,24819,7200,23523,7200,24825
neos-4413714-turia,1,38.32,1,37.15,1,39.3,1,38.7,1
neos-4413714-turia,2,168.83,1,172.46,1,167.83,1,171.4,1
neos-4413714-turia,3,35.79,1,37.18,1,37.12,1,36.88,1
neos-4413714-turia,4,149.96,1,151.31,1,146.87,1,146.58,1
neos-4413714-turia,5,156.85,1,160.12,1,158.89,1,161.23,1
neos-4532248-waihi,1,7200,0,7200,0,7200,0,7200,0
neos-4532248-waihi,2,7200,532,7200,532,7200,509,7200,532
neos-4532248-waihi,3,7200,0,7200,0,7200,0,7200,0
neos-4532248-waihi,4,7200,339,7200,335,7200,338,7200,339
neos-4532248-waihi,5,7200,304,7200,304,7200,368,7200,304
neos-4647030-tutaki,1,7200,6687,7200,6517,7200,6585,7200,6687
neos-4647030-tutaki,2,7200,752,7200,752,7200,752,7200,752
neos-4647030-tutaki,3,7200,3722,7200,3722,7200,3722,7200,3621
neos-4647030-tutaki,4,7200,9027,7200,9027,7200,9027,7200,9227
neos-4647030-tutaki,5,7200,558,7200,558,7200,558,7200,558
neos-4722843-widden,1,188.62,746,246.74,1057,246.09,1043,242.08,1057
neos-4722843-widden,2,304.77,983,561.18,4266,284.54,1857,562.53,4266
neos-4722843-widden,3,249.37,1099,867.39,4264,227.05,1161,909.81,4264
neos-4722843-widden,4,248.03,1522,302.51,2033,317.59,2247,309.31,2033
neos-4722843-widden,5,222.82,962,291.32,1840,248.81,1449,293.47,1840
neos-4738912-atrato,1,617.77,34031,615.66,34031,623.37,31503,578.65,31503
neos-4738912-atrato,2,652.84,40639,639.1,40639,723.99,39621,700.53,39621
neos-4738912-atrato,3,513.27,32294,515.27,32294,523.65,32294,502.44,32294
neos-4738912-atrato,4,482.7,23267,477.17,23267,517.7,23267,516.43,23267
neos-4738912-atrato,5,448.48,23968,441.64,23968,447.3,23968,444.26,23968
neos-4763324-toguru,1,7200,12367,7200,12144,7200,11973,7200,12055
neos-4763324-toguru,2,7200,11244,7200,11129,7200,11196,7200,11363
neos-4763324-toguru,3,7200,12343,7200,12083,7200,12461,7200,12020
neos-4763324-toguru,4,7200,13419,7200,13037,7200,13888,7200,12867
neos-4763324-toguru,5,7200,12120,7200,12666,7200,12634,7200,13103
neos-4954672-berkel,1,7200,637326,7200,637478,7200,637966,7200,633430
neos-4954672-berkel,2,7200,689030,7200,685826,7200,682406,7200,686056
neos-4954672-berkel,3,7200,593221,7200,591609,7200,592964,7200,593598
neos-4954672-berkel,4,7200,736299,7200,739497,7200,744759,7200,732022
neos-4954672-berkel,5,7200,740873,7200,746899,7200,744601,7200,740345
neos-5049753-cuanza,1,7200,99,7200,99,7200,99,7200,99
neos-5049753-cuanza,2,7200,105,7200,104,7200,105,7200,105
neos-5049753-cuanza,3,7200,218,7200,215,7200,218,7200,218
neos-5049753-cuanza,4,7200,114,7200,115,7200,114,7200,114
neos-5049753-cuanza,5,7200,75,7200,75,7200,75,7200,75
neos-5052403-cygnet,1,7200,130,7200,159,7200,119,7200,162
neos-5052403-cygnet,2,7200,142,7200,95,7200,129,7200,94
neos-5052403-cygnet,3,7200,94,7200,32,7200,101,7200,32
neos-5052403-cygnet,4,7200,196,7200,200,7200,183,7200,196
neos-5052403-cygnet,5,7200,199,7200,116,7200,189,7200,116
neos-5093327-huahum,1,7200,23802,7200,23817,7200,23921,7200,23591
neos-5093327-huahum,2,7200,24697,7200,24697,7200,24697,7200,24830
neos-5093327-huahum,3,7200,21889,7200,21688,7200,21870,7200,21900
neos-5093327-huahum,4,7200,25581,7200,25510,7200,25509,7200,25958
neos-5093327-huahum,5,7200,22981,7200,22556,7200,23447,7200,22930
neos-5104907-jarama,1,7200,0,7200,0,7200,0,7200,0
neos-5104907-jarama,2,7200,0,7200,0,7200,0,7200,0
neos-5104907-jarama,3,7200,0,7200,0,7200,0,7200,0
neos-5104907-jarama,4,7200,0,7200,0,7200,0,7200,0
neos-5104907-jarama,5,7200,0,7200,0,7200,0,7200,0
neos-5107597-kakapo,1,7200,443598,7200,445149,7200,440315,7200,444375
neos-5107597-kakapo,2,6855.27,407236,6975.18,407236,7200,449854,7200,464812
neos-5107597-kakapo,3,7200,325437,7200,322310,7200,433726,7200,434173
neos-5107597-kakapo,4,7200,619801,7200,614920,7200,436322,7200,443101
neos-5107597-kakapo,5,6612.26,375842,6554.05,375842,7200,392664,7200,392549
neos-5114902-kasavu,1,7200,0,7200,0,7200,0,7200,0
neos-5114902-kasavu,2,7200,0,7200,0,7200,0,7200,0
neos-5114902-kasavu,3,7200,0,7200,0,7200,0,7200,0
neos-5114902-kasavu,4,7200,0,7200,0,7200,0,7200,0
neos-5114902-kasavu,5,7200,0,7200,0,7200,0,7200,0
neos-5188808-nattai,1,7200,16746,7200,16840,7200,16133,7200,16155
neos-5188808-nattai,2,7200,16479,7200,16468,7200,16467,7200,16389
neos-5188808-nattai,3,7200,15637,7200,15836,7200,15714,7200,15676
neos-5188808-nattai,4,5270.8,10781,5326.59,10781,5236.86,10781,5335.7,10781
neos-5188808-nattai,5,7200,13010,7200,13083,7200,12665,7200,12686
neos-5195221-niemur,1,7200,20492,7200,20524,7200,20567,7200,20527
neos-5195221-niemur,2,7200,16593,7200,16593,7200,16623,7200,16544
neos-5195221-niemur,3,7200,15450,7200,15663,7200,15584,7200,15593
neos-5195221-niemur,4,7200,8306,7200,8263,7200,8276,7200,8355
neos-5195221-niemur,5,7200,14207,7200,14382,7200,14203,7200,14204
neos-631710,1,7200,0,7200,0,7200,0,7200,0
neos-631710,2,7200,0,7200,0,7200,0,7200,0
neos-631710,3,5255.71,182,5439.8,182,5313.57,182,5810.17,182
neos-631710,4,7200,0,7200,0,7200,0,7200,0
neos-631710,5,7200,266,7200,258,7200,288,7200,265
neos-662469,1,3786.31,29356,2528.95,17895,3777.31,29356,2519.73,17895
neos-662469,2,2247.53,12544,3327.17,23146,2206.7,12544,3316.11,23146
neos-662469,3,1656.54,11928,3328.01,22880,1681.18,11928,3314.41,22880
neos-662469,4,1902.52,10947,2867.41,20933,1923.71,10947,2871.6,20933
neos-662469,5,1373.36,7354,1222.33,6702,1386.7,7354,1201.12,6702
neos-787933,1,346.39,717,46.59,1,342.18,717,47.55,1
neos-787933,2,589.88,1392,48.48,1,597.32,1392,47.25,1
neos-787933,3,1314.2,3836,45.2,1,1361.23,3836,41.45,1
neos-787933,4,1000.29,4856,47.92,1,1036.83,4856,45.87,1
neos-787933,5,659.42,1160,42.81,1,658.44,1160,47.71,1
neos-827175,1,5.45,1,5.51,1,5.49,1,5.49,1
neos-827175,2,6.78,1,6.82,1,6.78,1,6.98,1
neos-827175,3,5.36,1,5.42,1,5.45,1,5.43,1
neos-827175,4,7.11,1,7.09,1,7.05,1,7.14,1
neos-827175,5,4.21,1,4.1,1,4.18,1,4.15,1
neos-848589,1,663.39,23,661.54,23,666.1,23,697,23
neos-848589,2,857.36,30,881.46,30,869.41,30,884.62,30
neos-848589,3,5685.71,2510,5665.93,2514,5378.06,2510,5373.67,2514
neos-848589,4,7200,1463,7200,1491,7200,1483,7200,1498
neos-848589,5,939.45,41,1008.14,41,1011.84,41,1004.08,41
neos-860300,1,24.76,1,25.52,1,25.07,1,25.65,1
neos-860300,2,16.24,1,16.86,1,16.41,1,16.92,1
neos-860300,3,14.4,1,14.99,1,14.54,1,15.11,1
neos-860300,4,14.21,1,14.89,1,14.54,1,14.92,1
neos-860300,5,16.29,1,17.47,1,16.55,1,17.41,1
neos-873061,1,385.3,6874,675.74,11225,385.83,6874,672.19,11225
neos-873061,2,806.38,8987,1492.46,12630,810.1,8987,1482.76,12630
neos-873061,3,1025.72,10026,1034,15481,959.92,10026,1045.22,15481
neos-873061,4,1528.15,19890,1183.48,14022,1531.32,19890,1181.91,14022
neos-873061,5,924.82,18111,1039.06,15839,929.55,18111,1039.82,15839
neos-911970,1,14.85,2447,14.8,2447,14.82,2447,14.8,2447
neos-911970,2,19.67,4213,19.67,4213,19.7,4213,19.85,4213
neos-911970,3,7.64,409,7.55,409,7.66,409,7.73,409
neos-911970,4,10.05,696,10.09,696,10.07,696,10.22,696
neos-911970,5,11.1,1563,11.23,1563,11.29,1563,11.2,1563
neos-933966,1,396.01,299,396.65,299,396.87,299,397.43,299
neos-933966,2,29.21,1,29.24,1,29.18,1,28.93,1
neos-933966,3,31.65,1,31.39,1,31.4,1,31.16,1
neos-933966,4,201.28,106,199.27,106,200.77,106,199.02,106
neos-933966,5,64.07,1,63.48,1,64.07,1,63.59,1
neos-950242,1,21.46,1,21.45,1,21.82,1,21.73,1
neos-950242,2,43.98,10,43.03,10,43.42,10,43.93,10
neos-950242,3,28.1,8,27.76,8,27.47,8,27.44,8
neos-950242,4,31.26,1,31.03,1,30.52,1,31.2,1
neos-950242,5,34.51,1,34.26,1,35.28,1,34.27,1
neos-957323,1,108.13,3,109.47,3,110.76,3,110.75,3
neos-957323,2,129.12,3,125.3,3,129.78,3,130.02,3
neos-957323,3,319.32,3,327.22,3,306.08,3,321.23,3
neos-957323,4,186.09,6,192.9,6,193.82,6,190.46,6
neos-957323,5,142.52,3,145.47,3,142.99,3,142.23,3
neos-960392,1,17.98,1,18.67,1,17.81,1,18.61,1
neos-960392,2,12.73,1,12.98,1,13.22,1,12.92,1
neos-960392,3,23.46,1,23.59,1,23.56,1,23.3,1
neos-960392,4,19.28,1,19.37,1,20.15,1,19.32,1
neos-960392,5,30.63,1,31.22,1,31.79,1,29.89,1
neos17,1,10.34,1423,10.42,1423,10.39,1423,11.4,1423
neos17,2,10.94,2426,10.95,2426,10.97,2426,10.98,2426
neos17,3,8.95,1214,8.95,1214,8.99,1214,8.93,1214
neos17,4,11.31,1709,11.32,1709,11.04,1709,11.04,1709
neos17,5,6.28,681,6.3,681,6.3,681,6.32,681
neos5,1,187.78,263160,186.25,263160,190.77,263160,189.73,263160
neos5,2,126.67,176881,126.52,176881,127.56,176881,128.06,176881
neos5,3,94.52,142200,95.22,142200,95.03,142200,94.04,142200
neos5,4,106.58,154039,105.87,154039,105.64,154039,105.84,154039
neos5,5,157.77,218112,156.43,218112,156.21,218112,156.06,218112
neos8,1,4.83,1,4.99,1,4.87,1,4.99,1
neos8,2,4.83,1,5.12,1,5.2,1,5.15,1
neos8,3,4.79,1,4.97,1,4.39,1,4.83,1
neos8,4,4.73,1,4.92,1,5.12,1,5.31,1
neos8,5,5.05,1,5.42,1,5.26,1,5.23,1
neos859080,1,5.03,7094,5.05,7094,5.08,7094,5.05,7094
neos859080,2,2,2718,2.01,2718,2.01,2718,2.01,2718
neos859080,3,16.73,4235,15.92,4235,17.98,4235,18.27,4235
neos859080,4,6.51,1797,6.99,1797,6.36,1797,6.32,1797
neos859080,5,2.72,2022,2.68,2022,2.67,2022,2.65,2022
net12,1,345.01,980,756.55,1832,344.29,980,758.21,1832
net12,2,663.83,968,410.91,1296,665.41,968,408.74,1296
net12,3,954.75,2609,327.38,1034,970.51,2609,336.67,1034
net12,4,2035.77,5167,334.99,1072,2036.64,5167,330.73,1072
net12,5,945.52,2667,565.97,2501,933.81,2667,571.42,2501
netdiversion,1,1528.56,7,1492.86,29,1536.74,7,1510.59,29
netdiversion,2,544.04,1,1243.64,1,549.79,1,1227.45,1
netdiversion,3,597.29,1,538.04,1,596.29,1,528.63,1
netdiversion,4,1260.12,1,725.47,1,1275.69,1,737.62,1
netdiversion,5,882.49,10,971.45,10,855.27,10,962.77,10
nexp-150-20-8-5,1,1103.74,2086,1098.81,2086,1109.86,2086,1101.5,2086
nexp-150-20-8-5,2,278.01,755,219.64,48,244.79,755,226.41,48
nexp-150-20-8-5,3,1497.8,5554,1590.53,5630,1626.34,5554,1566.12,5630
nexp-150-20-8-5,4,1260.8,2447,1296.3,2447,1241.12,2447,1231.39,2447
nexp-150-20-8-5,5,837.49,819,807.63,819,829.11,819,817.4,819
ns1116954,1,94.59,1,93.37,1,93.91,1,92.11,1
ns1116954,2,4735.34,328,4703.2,328,4720.99,328,4535.86,328
ns1116954,3,4507.01,212,4504.49,212,4488.63,212,4118.78,212
ns1116954,4,200.5,1,201.16,1,210.62,1,205.31,1
ns1116954,5,138.27,1,143.84,1,137.65,1,128.32,1
ns1208400,1,129.15,808,129.9,808,129.51,808,129.97,808
ns1208400,2,86.99,457,87.27,457,87.94,457,86.81,457
ns1208400,3,101.8,1166,101.01,1166,101.08,1166,101.85,1166
ns1208400,4,80.85,639,81.38,639,81.32,639,81.23,639
ns1208400,5,142.98,1209,141.82,1209,143.26,1209,139.18,1209
ns1644855,1,2637.81,52,2601.09,52,2616.43,52,2543,52
ns1644855,2,1369.34,1,1382.26,1,1368.89,1,1416.52,1
ns1644855,3,1196.57,1,1308.43,1,1138.69,1,1215.21,1
ns1644855,4,1086.08,1,1082.59,1,1128.7,1,1129.87,1
ns1644855,5,1022.81,1,1017.53,1,964.52,1,1057.77,1
ns1760995,1,7200,0,7200,0,7200,0,7200,0
ns1760995,2,7200,0,7200,0,7200,0,7200,0
ns1760995,3,7200,102,7200,0,7200,2,7200,0
ns1760995,4,7200,0,7200,0,7200,0,7200,2
ns1760995,5,7200,2,7200,0,7200,359,7200,2
ns1830653,1,287.77,12364,415.48,17466,292.47,12364,417.01,17466
ns1830653,2,252.19,8151,237.01,7520,248.8,8151,242.64,7520
ns1830653,3,269.9,9581,281.85,10186,271.04,9581,277,10186
ns1830653,4,327.47,15811,428.38,16966,326.54,15811,426.33,16966
ns1830653,5,345.75,13019,369.34,16318,342.96,13019,370.72,16318
ns1952667,1,3806.53,14627,3746.17,14627,3774.38,14627,3785.04,14627
ns1952667,2,7200,24389,7200,24389,7200,24389,7200,24389
ns1952667,3,3977.14,14591,3966.78,14591,3916.92,14591,3973.01,14591
ns1952667,4,5096.35,16529,5106.61,16529,5064.54,16529,5072.43,16529
ns1952667,5,6297.55,21353,6295.75,21353,6307,21353,6276.07,21353
nu25-pr12,1,6.69,7,6.71,7,6.77,7,6.79,7
nu25-pr12,2,5.22,22,5.12,22,5.2,22,5.2,22
nu25-pr12,3,8.41,29,8.43,29,8.47,29,8.51,29
nu25-pr12,4,7.63,15,7.64,15,7.59,15,7.58,15
nu25-pr12,5,7.4,34,7.49,34,7.41,34,7.48,34
nursesched-medium-hint03,1,7200,3017,7200,3109,7200,3133,7200,2985
nursesched-medium-hint03,2,7200,2435,7200,2723,7200,2581,7200,2745
nursesched-medium-hint03,3,7200,2399,7200,2708,7200,2423,7200,2626
nursesched-medium-hint03,4,7200,3181,7200,3325,7200,3122,7200,3526
nursesched-medium-hint03,5,7200,2873,7200,3014,7200,2773,7200,2773
nursesched-sprint02,1,21.22,1,20.9,1,21.1,1,20.99,1
nursesched-sprint02,2,21.37,1,21.61,1,21.31,1,21.65,1
nursesched-sprint02,3,23.85,1,23.83,1,23.78,1,23.73,1
nursesched-sprint02,4,21.23,1,21.52,1,21.62,1,21.86,1
nursesched-sprint02,5,26.28,1,25.96,1,25.97,1,26.14,1
nw04,1,63.22,1,61.92,1,63.46,1,63.52,1
nw04,2,120.84,1,121.65,1,121.41,1,121.3,1
nw04,3,60.11,1,59.81,1,60.37,1,61.01,1
nw04,4,78.46,1,79.04,1,77.59,1,79.55,1
nw04,5,49.79,1,50.69,1,50.6,1,51.02,1
opm2-z10-s4,1,7200,2152,7200,2142,7200,2151,7200,2152
opm2-z10-s4,2,7200,740,7200,766,7200,762,7200,762
opm2-z10-s4,3,7200,1326,7200,1176,7200,1386,7200,1146
opm2-z10-s4,4,7200,754,7200,729,7200,726,7200,751
opm2-z10-s4,5,7200,1677,7200,1670,7200,1682,7200,1680
p200x1188c,1,0.83,1,0.82,1,0.82,1,0.82,1
p200x1188c,2,0.8,1,0.79,0,0.79,1,0.78,0
p200x1188c,3,0.91,1,0.8,1,0.89,1,0.79,1
p200x1188c,4,0.94,1,0.86,1,0.95,1,0.86,1
p200x1188c,5,0.99,1,0.89,1,0.97,1,0.89,1
peg-solitaire-a3,1,7200,14590,7200,14574,7200,14435,7200,14604
peg-solitaire-a3,2,7200,14601,7200,14557,7200,14541,7200,14571
peg-solitaire-a3,3,7200,15380,7200,15352,7200,15339,7200,15388
peg-solitaire-a3,4,7200,15397,7200,15421,7200,15397,7200,15326
peg-solitaire-a3,5,7200,14897,7200,14964,7200,14999,7200,15001
pg,1,6.66,78,6.74,78,6.71,78,6.7,78
pg,2,6.27,61,6.36,61,6.31,61,6.27,61
pg,3,6.42,55,6.45,55,6.44,55,6.43,55
pg,4,14.48,286,14.46,286,14.38,286,14.49,286
pg,5,12.79,258,12.58,258,12.76,258,12.46,258
pg5_34,1,366.68,23272,369.21,23272,365.97,23272,372.42,23272
pg5_34,2,336.02,16975,333.72,16975,327.9,16975,338.43,16975
pg5_34,3,307.37,19267,316.52,19267,319.48,19267,312.75,19267
pg5_34,4,398.45,23991,398.21,23991,394.83,23991,397.86,23991
pg5_34,5,493.11,29268,475.39,29268,494.14,29268,499.83,29268
physiciansched3-3,1,7200,1365,7200,1440,7200,1320,7200,1440
physiciansched3-3,2,7200,1586,7200,1571,7200,1722,7200,1513
physiciansched3-3,3,7200,1419,7200,1535,7200,1714,7200,1523
physiciansched3-3,4,7200,1682,7200,1623,7200,1750,7200,1623
physiciansched3-3,5,7200,1490,7200,1761,7200,1771,7200,1543
physiciansched6-2,1,14.84,1,14.45,1,14.89,1,14.33,1
physiciansched6-2,2,13.52,1,12.16,1,13.67,1,12.14,1
physiciansched6-2,3,12.93,1,12.59,1,13.04,1,12.53,1
physiciansched6-2,4,13.28,1,12.39,1,13.25,1,12.41,1
physiciansched6-2,5,13.42,1,12.46,1,13.7,1,12.67,1
piperout-08,1,28.17,1,30.98,1,31.18,1,34.91,1
piperout-08,2,30.04,1,31.84,1,32.83,1,30.5,1
piperout-08,3,31.19,1,30.64,1,30.21,1,32.34,1
piperout-08,4,32.56,1,29.7,1,30.62,1,30.47,1
piperout-08,5,24.11,1,34.59,1,24.77,1,34.25,1
piperout-27,1,43.67,1,46.69,1,44,1,47.39,1
piperout-27,2,45.94,1,48.85,1,51.19,1,52.62,1
piperout-27,3,46.38,1,42.49,1,48.81,1,43.97,1
piperout-27,4,45.88,1,50.41,1,49.26,1,49.87,1
piperout-27,5,44.17,1,41.81,1,42.45,1,50.98,1
pk1,1,412.64,576983,408.74,576983,403.39,576983,412.76,576983
pk1,2,262.88,354488,263.73,354488,273.23,354488,271.93,354488
pk1,3,345.44,491368,350.21,491368,349.88,491368,353.84,491368
pk1,4,386.96,535391,382.45,535391,387.33,535391,392.53,535391
pk1,5,265.37,356430,275.5,356430,270.82,356430,271.42,356430
proteindesign121hz512p9,1,7200,12828,7200,12424,7200,12828,7200,12729
proteindesign121hz512p9,2,7200,13707,7200,13543,7200,14422,7200,13663
proteindesign121hz512p9,3,7200,16488,7200,16507,7200,17149,7200,16231
proteindesign121hz512p9,4,7200,14388,7200,14363,7200,14100,7200,14459
proteindesign121hz512p9,5,7200,12635,7200,12066,7200,12875,7200,12837
proteindesign122trx11p8,1,7200,7219,7200,7224,7200,7342,7200,7342
proteindesign122trx11p8,2,7200,10900,7200,11106,7200,10981,7200,10946
proteindesign122trx11p8,3,7200,11377,7200,11087,7200,11368,7200,11253
proteindesign122trx11p8,4,7200,12765,7200,12957,7200,12789,7200,12921
proteindesign122trx11p8,5,7200,10925,7200,11054,7200,10853,7200,11056
qap10,1,134.17,0,134.2,0,134.19,0,134.61,0
qap10,2,72.49,1,72.73,1,72.3,1,72.62,1
qap10,3,172.96,0,171.11,0,171.13,0,172.65,0
qap10,4,127.93,0,127.78,0,129.93,0,129.11,0
qap10,5,160.99,1,164.9,0,160.09,1,163.87,0
radiationm18-12-05,1,2063.36,73965,2089.24,73965,2068.21,73965,2064.16,73965
radiationm18-12-05,2,1433.72,64011,1401.92,64011,1429.99,64011,1435.62,64011
radiationm18-12-05,3,1489.65,70406,1405.21,70406,1429.26,70406,1521.07,70406
radiationm18-12-05,4,1018.52,32003,1037.18,32003,1013.77,32003,1009.68,32003
radiationm18-12-05,5,1402.3,47491,1404.85,47491,1403.5,47491,1417.35,47491
radiationm40-10-02,1,7200,95080,7200,94938,7200,95053,7200,94924
radiationm40-10-02,2,7200,107244,7200,105213,7200,105094,7200,104383
radiationm40-10-02,3,7200,90215,7200,88741,7200,89261,7200,89638
radiationm40-10-02,4,7200,87257,7200,87568,7200,88144,7200,87794
radiationm40-10-02,5,7200,92942,7200,90666,7200,92363,7200,94031
rail01,1,2034.68,1,1075.87,1,2110.12,1,1068.91,1
rail01,2,2891.75,98,1812.63,1,2843.01,98,1765.15,1
rail01,3,2878.95,1,2762.48,17,2815.93,1,2680.4,17
rail01,4,2682.48,9,2242.29,9,2622.72,9,2248.69,9
rail01,5,2009.5,1,3320.89,49,2212.74,1,3423.23,49
rail02,1,3300.6,19,3183.32,13,3339.29,19,3231.94,13
rail02,2,3978.74,39,3296.89,27,4142.34,39,3221.91,27
rail02,3,3882.85,33,3589.98,35,3850.38,33,3594.33,35
rail02,4,2736.03,19,2565.61,9,2729.2,19,2571.85,9
rail02,5,4248.09,39,3528.57,27,4130.53,39,3452.11,27
rail507,1,3896.67,12599,2750.72,14984,3844.6,12599,2737.03,14984
rail507,2,6591.27,13475,2924.05,11838,6699.75,13475,2954.06,11838
rail507,3,6049.62,11242,3529.7,15604,6028.48,11242,3527,15604
rail507,4,3459.54,8929,2854.76,14086,3507.69,8929,2865.34,14086
rail507,5,1389.14,8262,3864.81,11516,1362.38,8262,3780.94,11516
ran14x18-disj-8,1,778.63,59992,780.08,59992,774.18,59992,771.66,59992
ran14x18-disj-8,2,923.57,87376,923.59,87376,935.48,87376,936.14,87376
ran14x18-disj-8,3,743.59,60227,747.33,60227,744.15,60227,742.19,60227
ran14x18-disj-8,4,639.17,47855,640.17,47855,641.55,47855,641.57,47855
ran14x18-disj-8,5,1054.16,91165,1046.87,91165,1047.37,91165,1045.33,91165
rd-rplusc-21,1,7200,947694,7200,981251,7200,990310,7200,976269
rd-rplusc-21,2,7200,786213,7200,784707,7200,791746,7200,805807
rd-rplusc-21,3,7200,1045335,7200,1037153,7200,985592,7200,961500
rd-rplusc-21,4,7200,925234,7200,933456,7200,927838,7200,930964
rd-rplusc-21,5,7200,868068,7200,866056,7200,889839,7200,888153
reblock115,1,2484.48,226172,2006.92,184225,2494.72,226172,2076.26,184225
reblock115,2,2158.98,193305,2135.07,167621,2288.35,193305,2134.05,167621
reblock115,3,2809.84,231420,2799.28,261383,2616.11,231420,2760.57,261383
reblock115,4,2617.09,266744,2724.5,235325,2617.33,266744,2743.79,235325
reblock115,5,2840.2,251832,2364,215871,2872.19,251832,2282.3,215871
rmatr100-p10,1,113.98,1191,115.84,1191,115.35,1191,115.36,1191
rmatr100-p10,2,112.72,1051,111.39,1051,111.81,1051,113.09,1051
rmatr100-p10,3,106.77,1107,109.91,1107,107.47,1107,106.89,1107
rmatr100-p10,4,115.78,1142,114.49,1142,115.3,1142,115.54,1142
rmatr100-p10,5,118.3,1194,118.92,1194,118.19,1194,117.86,1194
rmatr200-p5,1,7200,5743,7200,5809,7200,5747,7200,5790
rmatr200-p5,2,7200,6694,7200,6687,7200,6791,7200,6682
rmatr200-p5,3,7200,5893,7200,5882,7200,5897,7200,5924
rmatr200-p5,4,7200,6246,7200,6234,7200,6233,7200,6322
rmatr200-p5,5,7200,5968,7200,5930,7200,5954,7200,5874
rocI-4-11,1,1530.27,58315,808.53,31057,1540.06,58292,797.76,31057
rocI-4-11,2,1450.54,52997,1458.15,69119,1450.36,52606,1184.7,54812
rocI-4-11,3,1221.08,54844,2107.37,65619,1218.71,54342,2068.14,72329
rocI-4-11,4,1292.47,65501,1224.77,45797,1230.08,64060,1259.03,47650
rocI-4-11,5,960.86,42278,6164.48,209427,963.51,42278,6807.99,238587
rocII-5-11,1,7200,205700,7200,219406,7200,234847,7200,219252
rocII-5-11,2,7200,235325,7200,244766,7200,233208,7200,241292
rocII-5-11,3,7200,254646,7200,220480,7200,262011,7200,217819
rocII-5-11,4,7200,250317,7200,238845,7200,251773,7200,261561
rocII-5-11,5,7200,271578,7200,239820,7200,261275,7200,233651
rococoB10-011000,1,7200,191773,7200,191235,7200,191166,7200,190487
rococoB10-011000,2,7200,197879,7200,198853,7200,198205,7200,198347
rococoB10-011000,3,7200,202821,7200,202438,7200,201907,7200,201251
rococoB10-011000,4,7200,222425,7200,222261,7200,221531,7200,223688
rococoB10-011000,5,7200,208158,7200,207969,7200,208768,7200,209537
rococoC10-001000,1,285.18,7812,287.49,7812,284.57,7812,283.82,7812
rococoC10-001000,2,379.43,9942,376.81,9942,378.8,9942,378.43,9942
rococoC10-001000,3,222.85,6481,221.74,6481,221.39,6481,224.73,6481
rococoC10-001000,4,357.41,11383,358.54,11383,357.43,11383,358.66,11383
rococoC10-001000,5,218.44,5349,218.29,5349,218.62,5349,217.96,5349
roi2alpha3n4,1,1727.33,7724,1688.18,7724,1740.84,7724,1729.01,7724
roi2alpha3n4,2,1467.19,6603,1478.1,6603,1476.53,6603,1475.63,6603
roi2alpha3n4,3,2068.98,9557,2012.65,9557,2083.91,9557,2025.82,9557
roi2alpha3n4,4,1712.6,7859,1684.56,7859,1708.96,7859,1710.54,7859
roi2alpha3n4,5,1739.6,7858,1733.14,7858,1742.6,7858,1680.74,7858
roi5alpha10n8,1,7200,6379,7200,6427,7200,6524,7200,6541
roi5alpha10n8,2,7200,8252,7200,8270,7200,8211,7200,8134
roi5alpha10n8,3,7200,7201,7200,7241,7200,7087,7200,7253
roi5alpha10n8,4,7200,7057,7200,6989,7200,7054,7200,6964
roi5alpha10n8,5,7200,8223,7200,7716,7200,7843,7200,7856
roll3000,1,53.38,1871,59.62,2036,53.35,1871,58.55,2036
roll3000,2,41.52,1068,48.86,1394,40.88,1068,49.16,1394
roll3000,3,45.3,1480,49.59,1348,45.31,1480,49.7,1348
roll3000,4,46.03,1250,42.02,595,45.41,1250,41.81,595
roll3000,5,47.81,1080,39.42,726,47.64,1080,38.62,726
s100,1,7200,58,7200,0,7200,58,7200,0
s100,2,7200,27,7200,9,7200,27,7200,9
s100,3,7200,125,7200,71,7200,119,7200,71
s100,4,7200,43,7200,0,7200,44,7200,0
s100,5,7200,5,7200,10,7200,5,7200,14
s250r10,1,589.77,263,582.77,234,583.78,263,563.7,234
s250r10,2,722.11,459,492.03,791,728.6,459,492.37,791
s250r10,3,898.28,550,606.46,341,926.89,550,590.49,341
s250r10,4,747.9,410,702.19,379,727.75,410,719.8,379
s250r10,5,675.06,568,828.88,561,702.31,568,814.38,561
satellites2-40,1,405.31,139,548.85,176,411.78,139,568.23,176
satellites2-40,2,533.91,124,526.54,124,545.04,124,539.39,124
satellites2-40,3,685.12,220,699.5,227,677.42,220,711.45,227
satellites2-40,4,944.02,253,524.11,1,968.95,253,541.36,1
satellites2-40,5,645.62,93,559.92,80,648.94,93,556.12,80
satellites2-60-fs,1,432.36,208,409.87,194,424.14,208,414.28,194
satellites2-60-fs,2,283.46,26,318.83,45,288.71,26,324.05,45
satellites2-60-fs,3,331.45,105,323.79,187,334.75,105,314.24,187
satellites2-60-fs,4,396.05,73,605.43,164,403.55,73,606.87,164
satellites2-60-fs,5,344.39,248,436.29,376,338.11,248,421.65,376
savsched1,1,7200,0,7200,0,7200,0,7200,0
savsched1,2,7200,87,7200,88,7200,85,7200,88
savsched1,3,7200,0,7200,0,7200,0,7200,0
savsched1,4,7200,33,7200,28,7200,33,7200,29
savsched1,5,7200,18,7200,20,7200,24,7200,18
sct2,1,690.03,39722,691.08,39722,691.59,39722,690.22,39722
sct2,2,475.55,25981,475.61,25981,475.98,25981,476.32,25981
sct2,3,346.97,20679,343.96,20679,351.68,20679,351.53,20679
sct2,4,615.76,35175,618.47,35175,613.92,35175,615.04,35175
sct2,5,456.03,24758,455.26,24758,463.01,24758,461.71,24758
seymour,1,7200,126117,7200,145065,7200,127806,7200,147595
seymour,2,7200,131304,7200,121862,7200,131688,7200,119575
seymour,3,7200,120207,7200,131180,7200,119842,7200,130478
seymour,4,7200,122328,7200,131554,7200,121078,7200,130447
seymour,5,7200,130840,7200,131916,7200,130441,7200,130405
seymour1,1,156.1,2843,123.08,1990,156.47,2843,123.91,1990
seymour1,2,191.97,3807,138.48,2298,192.48,3807,140.77,2298
seymour1,3,131.31,2371,156.94,2515,132.21,2371,156.73,2515
seymour1,4,133.54,2299,193.38,3991,132.93,2299,190.76,3991
seymour1,5,181.4,3316,141.77,1974,181.26,3316,139.58,1974
sing326,1,7200,3745,7200,3731,7200,3626,7200,3729
sing326,2,7200,5791,7200,5791,7200,5598,7200,5672
sing326,3,7200,4994,7200,4885,7200,4868,7200,4872
sing326,4,7200,5074,7200,4776,7200,5090,7200,4926
sing326,5,7200,5569,7200,5746,7200,5652,7200,5787
sing44,1,7200,3788,7200,3473,7200,3150,7200,3838
sing44,2,7200,3703,7200,3655,7200,3727,7200,3712
sing44,3,7200,3887,7200,3951,7200,3869,7200,3844
sing44,4,7200,3840,7200,3893,7200,3830,7200,3899
sing44,5,7200,3495,7200,3484,7200,3494,7200,3487
snp-02-004-104,1,1698.4,11829,1641.35,11829,1632.19,11829,1712.12,11829
snp-02-004-104,2,2448.51,16656,2422.56,16656,2507.46,16656,2501.25,16656
snp-02-004-104,3,7200,77978,7200,76422,7200,77259,7200,76175
snp-02-004-104,4,1038.65,5719,1051.74,5719,1041.44,5719,1016.97,5719
snp-02-004-104,5,7200,77205,7200,76220,7200,74564,7200,74445
sorrell3,1,7200,16079,7200,16041,7200,16200,7200,15893
sorrell3,2,7200,16193,7200,16003,7200,16666,7200,16193
sorrell3,3,7200,16411,7200,16411,7200,16051,7200,16411
sorrell3,4,7200,14501,7200,14839,7200,15014,7200,14510
sorrell3,5,7200,13026,7200,13050,7200,12655,7200,13547
sp150x300d,1,0.14,1,0.14,1,0.13,1,0.13,1
sp150x300d,2,0.11,1,0.11,1,0.11,1,0.11,1
sp150x300d,3,0.08,1,0.08,1,0.08,1,0.08,1
sp150x300d,4,0.14,1,0.14,1,0.14,1,0.14,1
sp150x300d,5,0.1,1,0.1,1,0.1,1,0.1,1
sp97ar,1,7200,67968,7200,73910,7200,66022,7200,75123
sp97ar,2,7200,75093,7200,74713,7200,75960,7200,77010
sp97ar,3,7200,80391,7200,66623,7200,80323,7200,68973
sp97ar,4,7200,74372,7200,75948,7200,72856,7200,74530
sp97ar,5,7200,73962,7200,74342,7200,74238,7200,75078
sp98ar,1,3546.27,35227,4318.86,38198,3533.37,35227,4231.11,38198
sp98ar,2,4510.39,41851,5742.88,53921,4433.51,41851,5998.67,53921
sp98ar,3,4076.14,39885,5243.88,54062,4126.62,39885,5203.21,54062
sp98ar,4,4882.42,39154,5781.26,60293,4804.09,39154,5626.87,60293
sp98ar,5,3839.86,36885,4622.79,41994,3782.61,36885,4846.5,41994
splice1k1,1,7200,1372,7200,1523,7200,1362,7200,1519
splice1k1,2,7200,2896,7200,1686,7200,1782,7200,2288
splice1k1,3,7200,1163,7200,1583,7200,1403,7200,1177
splice1k1,4,7200,3972,7200,3916,7200,3986,7200,4200
splice1k1,5,7200,3539,7200,3501,7200,3539,7200,3539
square41,1,7200,54,7200,55,7200,50,7200,50
square41,2,7200,98,7200,98,7200,97,7200,97
square41,3,7200,51,7200,51,7200,51,7200,52
square41,4,7200,64,7200,62,7200,63,7200,61
square41,5,7200,84,7200,85,7200,87,7200,84
square47,1,7200,2,7200,2,7200,2,7200,2
square47,2,7200,2,7200,2,7200,3,7200,2
square47,3,7200,2,7200,2,7200,2,7200,2
square47,4,7200,2,7200,2,7200,2,7200,2
square47,5,7200,0,7200,0,7200,0,7200,0
supportcase10,1,7200,450,7200,535,7200,531,7200,516
supportcase10,2,7200,456,7200,451,7200,451,7200,451
supportcase10,3,7200,511,7200,485,7200,485,7200,512
supportcase10,4,7200,419,7200,409,7200,419,7200,419
supportcase10,5,7200,691,7200,659,7200,691,7200,691
supportcase12,1,7200,9907,7200,9868,7200,9791,7200,9672
supportcase12,2,7200,9838,7200,9829,7200,9801,7200,9723
supportcase12,3,7200,4129,7200,4226,7200,4134,7200,4154
supportcase12,4,7200,12171,7200,12139,7200,11956,7200,11924
supportcase12,5,7200,7167,7200,7127,7200,7431,7200,7133
supportcase18,1,1030.54,31821,1035.59,31821,1021.73,31821,1020.64,31821
supportcase18,2,7200,167118,7200,167823,7200,164799,7200,167720
supportcase18,3,7200,184471,7200,184471,7200,184471,7200,184471
supportcase18,4,7200,170499,7200,171683,7200,172444,7200,168945
supportcase18,5,7200,168236,7200,168236,7200,168236,7200,168236
supportcase19,1,7200,0,7200,0,7200,0,7200,0
supportcase19,2,7200,0,7200,0,7200,0,7200,0
supportcase19,3,7200,0,7200,0,7200,0,7200,0
supportcase19,4,7200,0,7200,0,7200,0,7200,0
supportcase19,5,7200,0,7200,0,7200,0,7200,0
supportcase22,1,7200,73,7200,74,7200,57,7200,69
supportcase22,2,7200,57,7200,70,7200,61,7200,58
supportcase22,3,7200,56,7200,63,7200,59,7200,63
supportcase22,4,7200,95,7200,96,7200,97,7200,97
supportcase22,5,7200,53,7200,44,7200,54,7200,52
supportcase26,1,1969.4,544076,1947.1,544076,1949.26,544076,1931.77,544076
supportcase26,2,1647.86,421055,1649.8,421055,1649.39,421055,1645.95,421055
supportcase26,3,1602.51,461265,1610.44,461265,1599.92,461265,1618.19,461265
supportcase26,4,1188.06,295128,1201.5,295128,1192.84,295128,1191.27,295128
supportcase26,5,1665.05,454390,1672.91,454390,1672.95,454390,1664.94,454390
supportcase33,1,330.4,3781,315.31,3781,347.63,3781,315.39,3781
supportcase33,2,226.83,2265,237.65,2265,232.74,2265,232.27,2265
supportcase33,3,241.43,2927,251.45,2927,249.34,2927,252.54,2927
supportcase33,4,325.63,3781,319.57,3781,336.91,3781,342.13,3781
supportcase33,5,230.93,2361,237.96,2361,242.15,2361,232.4,2361
supportcase40,1,1749.57,10760,1749.3,10760,1743.12,10760,1750.13,10760
supportcase40,2,1592.07,10843,1581.38,10843,1595.03,10843,1590.06,10843
supportcase40,3,2134.72,15688,2133.43,15688,2128.4,15688,2140.14,15688
supportcase40,4,1556.88,9762,1559.7,9762,1562.03,9762,1551.8,9762
supportcase40,5,2074.85,15271,2077.57,15271,2093.87,15271,2076.38,15271
supportcase42,1,7200,63080,7200,63604,7200,63604,7200,64321
supportcase42,2,7200,70039,7200,67957,7200,66741,7200,69365
supportcase42,3,7200,50983,7200,50983,7200,51562,7200,51562
supportcase42,4,7200,60579,7200,60577,7200,61076,7200,60501
supportcase42,5,7200,55858,7200,55858,7200,57957,7200,56533
supportcase6,1,7200,16046,7200,16238,7200,16206,7200,15582
supportcase6,2,7200,15858,7200,15313,7200,15640,7200,15833
supportcase6,3,7200,16704,7200,16704,7200,16704,7200,16704
supportcase6,4,7200,14969,7200,15022,7200,14891,7200,15028
supportcase6,5,7200,18001,7200,18311,7200,18311,7200,18336
supportcase7,1,92.61,11,110.14,7,93.94,11,110.43,7
supportcase7,2,92.57,7,121.52,7,92.43,7,120.5,7
supportcase7,3,96.62,31,141.95,44,97.39,31,142.44,44
supportcase7,4,91.9,11,103.24,58,91.88,11,101.2,58
supportcase7,5,124.55,76,116.93,108,128.73,76,118.17,108
swath1,1,22.76,127,22.81,127,23.29,127,23.04,127
swath1,2,21.17,125,21.17,125,20.8,125,21.27,125
swath1,3,21.11,137,20.83,137,21.17,137,20.85,137
swath1,4,20.25,127,21.08,127,21.12,127,20.33,127
swath1,5,23.26,117,23.3,117,22.84,117,22.93,117
swath3,1,175.43,11380,177,11380,180.75,11380,174.62,11380
swath3,2,146.08,11802,149.88,11802,145.97,11802,152.49,11802
swath3,3,204.21,17783,202.42,17783,206,17783,215.39,17783
swath3,4,158.5,10593,163.96,10593,157.08,10593,158.45,10593
swath3,5,186.96,13888,179.32,13888,183.54,13888,190.19,13888
tbfp-network,1,252.12,5,300.76,0,254.12,5,284.56,0
tbfp-network,2,274.42,7,276.14,7,271.65,7,273.71,7
tbfp-network,3,318.21,1,331.84,1,331.46,1,336.57,1
tbfp-network,4,1608.68,637,1621.37,637,1597.91,637,1613.94,637
tbfp-network,5,540.52,120,548.68,120,541.68,120,541.13,120
thor50dday,1,7200,9111,7200,9184,7200,9092,7200,9167
thor50dday,2,7200,8500,7200,8319,7200,8320,7200,8614
thor50dday,3,7200,11475,7200,11612,7200,11556,7200,11331
thor50dday,4,7200,8127,7200,8162,7200,8287,7200,8271
thor50dday,5,7200,11096,7200,10264,7200,11147,7200,11598
timtab1,1,77.69,10448,78.85,10448,78.89,10448,78.6,10448
timtab1,2,96.69,11257,95.37,11257,96.14,11257,95.2,11257
timtab1,3,74.47,9136,74.57,9136,73.84,9136,74.58,9136
timtab1,4,86.93,11755,87.85,11755,88.18,11755,87.7,11755
timtab1,5,87.52,13332,86.52,13332,86.79,13332,87.37,13332
tr12-30,1,368.72,40900,371.64,40900,371.46,40900,369.13,40900
tr12-30,2,449.21,54252,447.7,54252,445.6,54252,448.1,54252
tr12-30,3,381.47,44554,379,44554,378.24,44554,381.36,44554
tr12-30,4,245.22,27291,248.75,27291,246.91,27291,247.34,27291
tr12-30,5,413.67,41776,412.86,41776,415.24,41776,408.71,41776
traininstance2,1,7200,3328230,7200,3273659,7200,3159558,7200,3280868
traininstance2,2,7200,3823917,7200,3914822,7200,3872584,7200,3878506
traininstance2,3,7200,3141138,7200,3136599,7200,3148071,7200,3143655
traininstance2,4,7200,4115753,7200,4136423,7200,4271234,7200,4275743
traininstance2,5,7200,3406248,7200,3472427,7200,4030204,7200,4114120
traininstance6,1,870.09,533134,872.96,533134,875.19,533134,863.62,533134
traininstance6,2,942.5,342312,927.06,342312,948.58,360055,951.46,360055
traininstance6,3,219.77,111228,225.15,111228,220.75,111228,228.83,111228
traininstance6,4,319.95,136792,325.75,136792,320.29,136792,326.76,136792
traininstance6,5,818.98,321064,839.23,321064,849.55,324507,823.23,324507
trento1,1,3413.1,12595,3417.58,12595,3474.27,12595,3477.43,12595
trento1,2,2019.89,7759,2029.71,7759,2055.18,7759,2029.13,7759
trento1,3,1664,6401,1662.27,6401,1664.47,6401,1669.51,6401
trento1,4,7200,29530,7200,29556,7200,29543,7200,29251
trento1,5,7125.2,29774,7162.84,29774,7106.97,29774,7134.8,29774
triptim1,1,104.1,1,236.83,1,94.89,1,252.78,1
triptim1,2,1881.78,1,2888.93,1,1911.91,1,3109.09,1
triptim1,3,149.92,1,176.05,1,146.7,1,175.41,1
triptim1,4,85.48,1,87.63,1,85.56,1,83.92,1
triptim1,5,88.09,1,1543.13,1,90,1,1504.87,1
uccase12,1,1349.97,29035,1448.92,30835,1370.83,29035,1447.5,30835
uccase12,2,861.65,13494,1533.82,30516,801.07,13494,1546.76,30516
uccase12,3,1041.09,17685,601.07,7903,1046.81,17685,602.6,7903
uccase12,4,824.41,12555,734.41,11257,779.78,12555,725.04,11257
uccase12,5,949.66,17599,1362.36,28935,953.4,17599,1363.75,28935
uccase9,1,7200,6457,6136.56,7351,7200,6536,6524.93,7351
uccase9,2,7200,771,7200,1140,7200,772,7200,1141
uccase9,3,7200,3229,7200,2077,7200,3044,7200,2200
uccase9,4,7200,2532,7200,2919,7200,2516,7200,3489
uccase9,5,7200,1820,7055.91,6414,7200,1820,7045.45,6414
uct-subprob,1,2829.86,79418,3521.25,83043,2823.61,79418,3518.98,83043
uct-subprob,2,3354.09,87001,2250.85,49639,3352.59,87001,2268.86,49639
uct-subprob,3,3202.39,79238,3304.97,79919,3229.73,79238,3312.94,79919
uct-subprob,4,3518.81,91435,2549.34,62985,3553.24,91435,2527.41,62985
uct-subprob,5,3408.47,96302,2805.39,70869,3412.9,96302,2807.17,70869
unitcal_7,1,171.32,258,178.38,413,168.31,342,170.61,474
unitcal_7,2,232.6,763,162,273,339.96,1930,133.56,273
unitcal_7,3,231.43,365,184.47,252,241.03,544,185.26,252
unitcal_7,4,247.66,493,245.79,553,267.11,459,186.13,819
unitcal_7,5,237.63,604,229.84,344,246.04,906,207.68,433
var-smallemery-m6j6,1,7200,167741,7200,218728,7200,157080,7200,218577
var-smallemery-m6j6,2,7200,206202,7200,176529,7200,210368,7200,166972
var-smallemery-m6j6,3,7200,285732,7200,172341,7200,296978,7200,185432
var-smallemery-m6j6,4,7200,182480,7200,174656,7200,176667,7200,171026
var-smallemery-m6j6,5,6420.88,334392,7200,212019,6449.35,334392,7200,212639
wachplan,1,2055.88,222992,2087.68,222992,2143.41,222992,2059.35,222992
wachplan,2,488.52,45560,480.65,45560,483.46,45560,472.38,45560
wachplan,3,347.38,26411,350.71,26411,347.5,26411,347.22,26411
wachplan,4,404.04,31136,406.91,31136,403.11,31136,402.91,31136
wachplan,5,214.47,15735,215.55,15735,214.6,15735,215.68,15735
